Source,eType,Target,Time,Weight,SourceLocation,TargetLocation,SourceLatitude,SourceLongitude,TargetLatitude,TargetLongitude,Status_demographicsCosine,Status_travelJaccard,Status_dtwAllEdges,Status_dtwCommunication,Status_glPhone-undir5,Status_glEmail-undir5
614761,4,514306,1525946956,0.1,,,,,,,out of pairing,out of pairing,out of pairing,out of pairing,out of pairing,out of pairing
614761,1,542965,1737362286,1.0,1.0,2.0,-27.7842,-8.74823,-21.896,89.4,supplementary,out of pairing,out of pairing,out of pairing,common,common
538892,1,572391,1737439055,1.0,2.0,2.0,-23.5953,91.3571,-21.1411,91.1427,supplementary,out of pairing,common,common,common,common
538892,0,614761,1737710024,1.0,,,,,,,supplementary,out of pairing,common,common,common,supplementary
614761,1,500813,1737910286,1.0,1.0,1.0,-27.7842,-8.74823,-29.1714,-10.493,supplementary,out of pairing,common,common,supplementary,common
500813,0,542965,1737963931,1.0,,,,,,,supplementary,out of pairing,out of pairing,out of pairing,supplementary,common
500813,0,614761,1738069777,1.0,,,,,,,supplementary,out of pairing,supplementary,supplementary,supplementary,supplementary
614761,0,542965,1738119749,1.0,,,,,,,supplementary,out of pairing,out of pairing,out of pairing,supplementary,supplementary
500813,1,542965,1738166444,1.0,1.0,2.0,-29.1714,-10.493,-21.896,89.4,supplementary,out of pairing,out of pairing,out of pairing,common,common
500813,0,538892,1738664900,1.0,,,,,,,supplementary,out of pairing,common,common,supplementary,common
500813,1,614761,1738807221,1.0,1.0,1.0,-29.1714,-10.493,-27.7842,-8.74823,supplementary,out of pairing,supplementary,supplementary,common,common
614761,1,500813,1739035766,1.0,1.0,1.0,-27.7842,-8.74823,-29.1714,-10.493,supplementary,out of pairing,common,common,supplementary,common
614761,0,542965,1739347499,1.0,,,,,,,supplementary,out of pairing,out of pairing,out of pairing,supplementary,supplementary
538892,1,500813,1739385499,1.0,2.0,1.0,-23.5953,91.3571,-29.1714,-10.493,supplementary,out of pairing,common,common,common,common
614761,1,572391,1739632018,1.0,1.0,2.0,-27.7842,-8.74823,-21.1411,91.1427,supplementary,out of pairing,supplementary,supplementary,common,common
500813,0,572391,1739809124,1.0,,,,,,,supplementary,out of pairing,supplementary,supplementary,supplementary,supplementary
500813,1,572391,1739960015,1.0,1.0,2.0,-29.1714,-10.493,-21.1411,91.1427,supplementary,out of pairing,supplementary,supplementary,common,common
493094,0,572391,1739989198,1.0,,,,,,,supplementary,out of pairing,supplementary,supplementary,supplementary,out of pairing
536003,0,572391,1740261184,1.0,,,,,,,out of pairing,out of pairing,supplementary,supplementary,supplementary,out of pairing
536003,0,493094,1740295982,1.0,,,,,,,out of pairing,out of pairing,common,common,supplementary,out of pairing
521318,0,572391,1740440998,1.0,,,,,,,out of pairing,out of pairing,supplementary,supplementary,supplementary,out of pairing
536003,0,493094,1740441204,1.0,,,,,,,out of pairing,out of pairing,common,common,supplementary,out of pairing
493094,0,536003,1740475910,1.0,,,,,,,out of pairing,out of pairing,common,common,supplementary,out of pairing
493094,0,521318,1740493060,1.0,,,,,,,out of pairing,out of pairing,common,common,supplementary,out of pairing
521318,0,493094,1740569192,1.0,,,,,,,out of pairing,out of pairing,supplementary,supplementary,supplementary,out of pairing
542649,0,493094,1740579536,1.0,,,,,,,out of pairing,out of pairing,common,common,supplementary,out of pairing
493094,0,572391,1740690727,1.0,,,,,,,supplementary,out of pairing,supplementary,supplementary,supplementary,out of pairing
536003,0,572391,1740736692,1.0,,,,,,,out of pairing,out of pairing,supplementary,supplementary,supplementary,out of pairing
614761,0,572391,1740810455,1.0,,,,,,,supplementary,out of pairing,common,common,supplementary,supplementary
521318,0,572391,1741070465,1.0,,,,,,,out of pairing,out of pairing,supplementary,supplementary,supplementary,out of pairing
572391,0,493094,1741104606,1.0,,,,,,,supplementary,out of pairing,common,common,supplementary,out of pairing
542649,0,493094,1741238895,1.0,,,,,,,out of pairing,out of pairing,common,common,supplementary,out of pairing
614761,0,538892,1741242290,1.0,,,,,,,supplementary,out of pairing,common,common,supplementary,supplementary
614761,1,538892,1741258461,1.0,1.0,2.0,-27.7842,-8.74823,-23.5953,91.3571,supplementary,out of pairing,common,common,common,supplementary
493094,0,536003,1741260459,1.0,,,,,,,out of pairing,out of pairing,common,common,supplementary,out of pairing
572391,0,493094,1741290096,1.0,,,,,,,supplementary,out of pairing,common,common,supplementary,out of pairing
536003,0,493094,1741346850,1.0,,,,,,,out of pairing,out of pairing,common,common,supplementary,out of pairing
542649,0,493094,1741385488,1.0,,,,,,,out of pairing,out of pairing,common,common,supplementary,out of pairing
493094,0,572391,1741458358,1.0,,,,,,,supplementary,out of pairing,supplementary,supplementary,supplementary,out of pairing
500813,0,542965,1741465723,1.0,,,,,,,supplementary,out of pairing,out of pairing,out of pairing,supplementary,common
500813,0,614761,1741511909,1.0,,,,,,,supplementary,out of pairing,supplementary,supplementary,supplementary,supplementary
493094,0,536003,1741617075,1.0,,,,,,,out of pairing,out of pairing,common,common,supplementary,out of pairing
521318,0,493094,1741628831,1.0,,,,,,,out of pairing,out of pairing,supplementary,supplementary,supplementary,out of pairing
572391,0,493094,1741636090,1.0,,,,,,,supplementary,out of pairing,common,common,supplementary,out of pairing
521318,0,572391,1741643230,1.0,,,,,,,out of pairing,out of pairing,supplementary,supplementary,supplementary,out of pairing
536003,0,572391,1741687311,1.0,,,,,,,out of pairing,out of pairing,supplementary,supplementary,supplementary,out of pairing
536003,0,493094,1741734848,1.0,,,,,,,out of pairing,out of pairing,common,common,supplementary,out of pairing
521318,0,572391,1741778071,1.0,,,,,,,out of pairing,out of pairing,supplementary,supplementary,supplementary,out of pairing
493094,0,536003,1741789354,1.0,,,,,,,out of pairing,out of pairing,common,common,supplementary,out of pairing
572391,0,493094,1741953692,1.0,,,,,,,supplementary,out of pairing,common,common,supplementary,out of pairing
538892,0,500813,1742236749,1.0,,,,,,,supplementary,out of pairing,common,common,supplementary,supplementary
493094,0,536003,1742241347,1.0,,,,,,,out of pairing,out of pairing,common,common,supplementary,out of pairing
536003,0,572391,1742351062,1.0,,,,,,,out of pairing,out of pairing,supplementary,supplementary,supplementary,out of pairing
521318,0,493094,1742396808,1.0,,,,,,,out of pairing,out of pairing,supplementary,supplementary,supplementary,out of pairing
493094,0,572391,1742430698,1.0,,,,,,,supplementary,out of pairing,supplementary,supplementary,supplementary,out of pairing
493094,0,536003,1742557780,1.0,,,,,,,out of pairing,out of pairing,common,common,supplementary,out of pairing
572391,0,493094,1742658707,1.0,,,,,,,supplementary,out of pairing,common,common,supplementary,out of pairing
521318,0,572391,1742923877,1.0,,,,,,,out of pairing,out of pairing,supplementary,supplementary,supplementary,out of pairing
538892,1,572391,1742928575,1.0,2.0,2.0,-23.5953,91.3571,-21.1411,91.1427,supplementary,out of pairing,common,common,common,common
493094,0,572391,1742946972,1.0,,,,,,,supplementary,out of pairing,supplementary,supplementary,supplementary,out of pairing
493094,0,536003,1743051260,1.0,,,,,,,out of pairing,out of pairing,common,common,supplementary,out of pairing
614761,1,500813,1743221707,1.0,1.0,1.0,-27.7842,-8.74823,-29.1714,-10.493,supplementary,out of pairing,common,common,supplementary,common
614761,0,542965,1743306325,1.0,,,,,,,supplementary,out of pairing,out of pairing,out of pairing,supplementary,supplementary
493094,0,572391,1743322459,1.0,,,,,,,supplementary,out of pairing,supplementary,supplementary,supplementary,out of pairing
493094,0,572391,1743381376,1.0,,,,,,,supplementary,out of pairing,supplementary,supplementary,supplementary,out of pairing
521318,0,493094,1743591915,1.0,,,,,,,out of pairing,out of pairing,supplementary,supplementary,supplementary,out of pairing
572391,0,493094,1743718488,1.0,,,,,,,supplementary,out of pairing,common,common,supplementary,out of pairing
538892,1,572391,1743745003,1.0,2.0,2.0,-23.5953,91.3571,-21.1411,91.1427,supplementary,out of pairing,common,common,common,common
521318,0,572391,1743809149,1.0,,,,,,,out of pairing,out of pairing,supplementary,supplementary,supplementary,out of pairing
538892,1,500813,1743967323,1.0,2.0,1.0,-23.5953,91.3571,-29.1714,-10.493,supplementary,out of pairing,common,common,common,common
572391,0,493094,1744086553,1.0,,,,,,,supplementary,out of pairing,common,common,supplementary,out of pairing
538892,1,542965,1744210904,1.0,2.0,2.0,-23.5953,91.3571,-21.896,89.4,supplementary,supplementary,out of pairing,out of pairing,supplementary,common
521318,0,572391,1744387681,1.0,,,,,,,out of pairing,out of pairing,supplementary,supplementary,supplementary,out of pairing
541619,1,607386,1744602339,1.0,4.0,0.0,5.91178,-161.276,33.5741,-40.3904,supplementary,out of pairing,supplementary,supplementary,supplementary,supplementary
572391,0,493094,1744641210,1.0,,,,,,,supplementary,out of pairing,common,common,supplementary,out of pairing
614761,1,572391,1744722436,1.0,1.0,2.0,-27.7842,-8.74823,-21.1411,91.1427,supplementary,out of pairing,supplementary,supplementary,common,common
544074,0,516236,1744733549,1.0,,,,,,,supplementary,out of pairing,common,common,supplementary,common
544074,0,516236,1744746401,1.0,,,,,,,supplementary,out of pairing,common,common,supplementary,common
493652,1,607386,1744753853,1.0,5.0,0.0,24.9831,155.446,33.5741,-40.3904,supplementary,out of pairing,supplementary,supplementary,supplementary,common
493652,1,538892,1744805387,1.0,5.0,2.0,24.9831,155.446,-23.5953,91.3571,supplementary,out of pairing,supplementary,supplementary,supplementary,common
544074,0,607386,1744822505,1.0,,,,,,,supplementary,out of pairing,common,common,common,common
538892,1,542965,1744863451,1.0,2.0,2.0,-23.5953,91.3571,-21.896,89.4,supplementary,supplementary,out of pairing,out of pairing,supplementary,common
544074,0,493652,1744878443,1.0,,,,,,,supplementary,out of pairing,common,common,common,common
541619,1,607386,1744957985,1.0,4.0,0.0,5.91178,-161.276,33.5741,-40.3904,supplementary,out of pairing,supplementary,supplementary,supplementary,supplementary
538892,1,607386,1745055988,1.0,2.0,0.0,-23.5953,91.3571,33.5741,-40.3904,supplementary,out of pairing,supplementary,supplementary,supplementary,common
541619,0,538892,1745102392,1.0,,,,,,,supplementary,out of pairing,common,common,supplementary,common
572391,0,542649,1745110805,1.0,,,,,,,out of pairing,out of pairing,common,common,supplementary,out of pairing
542649,0,572391,1745155649,1.0,,,,,,,out of pairing,out of pairing,supplementary,supplementary,common,out of pairing
500813,1,542965,1745310664,1.0,1.0,2.0,-29.1714,-10.493,-21.896,89.4,supplementary,out of pairing,out of pairing,out of pairing,common,common
544074,0,493652,1745323484,1.0,,,,,,,supplementary,out of pairing,common,common,common,common
541619,1,607386,1745327484,1.0,4.0,0.0,5.91178,-161.276,33.5741,-40.3904,supplementary,out of pairing,supplementary,supplementary,supplementary,supplementary
538892,1,544074,1745329810,1.0,2.0,4.0,-23.5953,91.3571,2.35166,-161.322,supplementary,out of pairing,common,common,supplementary,common
500813,1,542965,1745351891,1.0,1.0,2.0,-29.1714,-10.493,-21.896,89.4,supplementary,out of pairing,out of pairing,out of pairing,common,common
500813,0,614761,1745359956,1.0,,,,,,,supplementary,out of pairing,supplementary,supplementary,supplementary,supplementary
493652,1,516236,1745422098,1.0,5.0,0.0,24.9831,155.446,32.1192,-47.3531,supplementary,out of pairing,supplementary,supplementary,supplementary,common
544074,0,541619,1745488033,1.0,,,,,,,supplementary,out of pairing,supplementary,supplementary,supplementary,common
541619,1,544074,1745546800,1.0,4.0,4.0,5.91178,-161.276,2.35166,-161.322,supplementary,out of pairing,supplementary,supplementary,common,common
572391,0,542649,1745596212,1.0,,,,,,,out of pairing,out of pairing,common,common,supplementary,out of pairing
614761,1,542965,1745734665,1.0,1.0,2.0,-27.7842,-8.74823,-21.896,89.4,supplementary,out of pairing,out of pairing,out of pairing,common,common
538892,1,493652,1745832494,1.0,2.0,5.0,-23.5953,91.3571,24.9831,155.446,supplementary,out of pairing,common,common,supplementary,common
541619,0,493652,1745923886,1.0,,,,,,,supplementary,out of pairing,common,common,supplementary,common
516236,1,538892,1745935439,1.0,0.0,2.0,32.1192,-47.3531,-23.5953,91.3571,supplementary,out of pairing,common,common,supplementary,supplementary
493652,1,544074,1745974233,1.0,5.0,4.0,24.9831,155.446,2.35166,-161.322,supplementary,out of pairing,supplementary,supplementary,supplementary,common
607386,0,516236,1745990033,1.0,,,,,,,supplementary,out of pairing,supplementary,supplementary,supplementary,common
493652,1,541619,1746024867,1.0,5.0,4.0,24.9831,155.446,5.91178,-161.276,supplementary,out of pairing,supplementary,supplementary,supplementary,common
544074,0,541619,1746065045,1.0,,,,,,,supplementary,out of pairing,supplementary,supplementary,supplementary,common
607386,0,538892,1746162736,1.0,,,,,,,supplementary,out of pairing,supplementary,supplementary,supplementary,common
541619,0,516236,1746223525,1.0,,,,,,,supplementary,out of pairing,supplementary,supplementary,common,common
493652,0,538892,1746261096,1.0,,,,,,,supplementary,out of pairing,supplementary,supplementary,common,common
542649,2,476813,1746263152,398.0,,,,,,,out of pairing,out of pairing,out of pairing,out of pairing,out of pairing,out of pairing
572391,3,476813,1746263152,398.0,,,,,,,out of pairing,out of pairing,out of pairing,out of pairing,out of pairing,out of pairing
542649,0,572391,1746263418,1.0,,,,,,,out of pairing,out of pairing,supplementary,supplementary,common,out of pairing
493652,1,516236,1746297288,1.0,5.0,0.0,24.9831,155.446,32.1192,-47.3531,supplementary,out of pairing,supplementary,supplementary,supplementary,common
614761,1,572391,1746395625,1.0,1.0,2.0,-27.7842,-8.74823,-21.1411,91.1427,supplementary,out of pairing,supplementary,supplementary,common,common
544074,0,516236,1746443268,1.0,,,,,,,supplementary,out of pairing,common,common,supplementary,common
607386,0,493652,1746510301,1.0,,,,,,,supplementary,out of pairing,common,common,supplementary,common
541619,0,607386,1746556545,1.0,,,,,,,supplementary,out of pairing,supplementary,supplementary,supplementary,common
544074,0,541619,1746603707,1.0,,,,,,,supplementary,out of pairing,supplementary,supplementary,supplementary,common
614761,1,572391,1746674932,1.0,1.0,2.0,-27.7842,-8.74823,-21.1411,91.1427,supplementary,out of pairing,supplementary,supplementary,common,common
544074,0,541619,1746747089,1.0,,,,,,,supplementary,out of pairing,supplementary,supplementary,supplementary,common
516236,1,538892,1746764731,1.0,0.0,2.0,32.1192,-47.3531,-23.5953,91.3571,supplementary,out of pairing,common,common,supplementary,supplementary
607386,0,541619,1746793877,1.0,,,,,,,supplementary,out of pairing,supplementary,supplementary,supplementary,supplementary
607386,0,538892,1746902397,1.0,,,,,,,supplementary,out of pairing,supplementary,supplementary,supplementary,common
493652,0,538892,1746924905,1.0,,,,,,,supplementary,out of pairing,supplementary,supplementary,common,common
542649,2,476813,1747147314,123.0,,,,,,,out of pairing,out of pairing,out of pairing,out of pairing,out of pairing,out of pairing
572391,3,476813,1747147314,123.0,,,,,,,out of pairing,out of pairing,out of pairing,out of pairing,out of pairing,out of pairing
572391,0,542649,1747650827,1.0,,,,,,,out of pairing,out of pairing,common,common,supplementary,out of pairing
542649,2,476813,1747721771,171.0,,,,,,,out of pairing,out of pairing,out of pairing,out of pairing,out of pairing,out of pairing
572391,3,476813,1747721771,171.0,,,,,,,out of pairing,out of pairing,out of pairing,out of pairing,out of pairing,out of pairing
542649,2,476813,1747800538,364.0,,,,,,,out of pairing,out of pairing,out of pairing,out of pairing,out of pairing,out of pairing
572391,3,476813,1747800538,364.0,,,,,,,out of pairing,out of pairing,out of pairing,out of pairing,out of pairing,out of pairing
542649,0,572391,1748331370,1.0,,,,,,,out of pairing,out of pairing,supplementary,supplementary,common,out of pairing
542649,2,476813,1748742823,110.0,,,,,,,out of pairing,out of pairing,out of pairing,out of pairing,out of pairing,out of pairing
572391,3,476813,1748742823,110.0,,,,,,,out of pairing,out of pairing,out of pairing,out of pairing,out of pairing,out of pairing
542649,0,572391,1749180010,1.0,,,,,,,out of pairing,out of pairing,supplementary,supplementary,common,out of pairing
542649,0,572391,1749376756,1.0,,,,,,,out of pairing,out of pairing,supplementary,supplementary,common,out of pairing
629627,6,657173,1749406156,5.0,3.0,1.0,-25.0,-111.0,-29.0,-13.0,out of pairing,out of pairing,out of pairing,out of pairing,out of pairing,out of pairing
585212,6,657173,1750010956,2.0,3.0,1.0,-25.0,-111.0,-29.0,-13.0,out of pairing,out of pairing,out of pairing,out of pairing,out of pairing,out of pairing
629627,6,625756,1750615756,3.0,4.0,3.0,1.0,-165.0,-25.0,-111.0,out of pairing,out of pairing,out of pairing,out of pairing,out of pairing,out of pairing
542649,2,476813,1750805049,150.0,,,,,,,out of pairing,out of pairing,out of pairing,out of pairing,out of pairing,out of pairing
572391,3,476813,1750805049,150.0,,,,,,,out of pairing,out of pairing,out of pairing,out of pairing,out of pairing,out of pairing
534034,6,657173,1750874956,2.0,3.0,1.0,-25.0,-111.0,-29.0,-13.0,out of pairing,out of pairing,out of pairing,out of pairing,out of pairing,out of pairing
599441,6,625756,1751393356,1.0,4.0,3.0,1.0,-165.0,-25.0,-111.0,out of pairing,out of pairing,out of pairing,out of pairing,out of pairing,out of pairing
534034,6,625756,1751566156,5.0,4.0,3.0,1.0,-165.0,-25.0,-111.0,out of pairing,out of pairing,out of pairing,out of pairing,out of pairing,out of pairing
538892,0,541619,1752317992,1.0,,,,,,,supplementary,out of pairing,common,common,supplementary,supplementary
599441,6,509607,1752516556,6.0,2.0,4.0,-22.0,91.0,1.0,-165.0,out of pairing,out of pairing,out of pairing,out of pairing,out of pairing,out of pairing
538892,0,541619,1752587310,1.0,,,,,,,supplementary,out of pairing,common,common,supplementary,supplementary
534034,6,509607,1752689356,5.0,2.0,4.0,-22.0,91.0,1.0,-165.0,out of pairing,out of pairing,out of pairing,out of pairing,out of pairing,out of pairing
544074,1,538892,1752810672,1.0,4.0,2.0,2.35166,-161.322,-23.5953,91.3571,supplementary,out of pairing,supplementary,supplementary,supplementary,common
544074,1,541619,1752839167,1.0,4.0,4.0,2.35166,-161.322,5.91178,-161.276,supplementary,out of pairing,supplementary,supplementary,supplementary,common
544074,1,541619,1753118785,1.0,4.0,4.0,2.35166,-161.322,5.91178,-161.276,supplementary,out of pairing,supplementary,supplementary,supplementary,common
538892,0,541619,1753188734,1.0,,,,,,,supplementary,out of pairing,common,common,supplementary,supplementary
599441,6,499467,1753207756,3.0,1.0,2.0,-29.0,-13.0,-22.0,91.0,out of pairing,out of pairing,out of pairing,out of pairing,out of pairing,out of pairing
585212,6,509607,1753207756,5.0,2.0,4.0,-22.0,91.0,1.0,-165.0,out of pairing,out of pairing,out of pairing,out of pairing,out of pairing,out of pairing
544074,1,538892,1753290832,1.0,4.0,2.0,2.35166,-161.322,-23.5953,91.3571,supplementary,out of pairing,supplementary,supplementary,supplementary,common
629627,6,509607,1753380556,3.0,2.0,4.0,-22.0,91.0,1.0,-165.0,out of pairing,out of pairing,out of pairing,out of pairing,out of pairing,out of pairing
538892,0,544074,1753387035,1.0,,,,,,,supplementary,out of pairing,supplementary,supplementary,common,common
585212,6,499467,1753466956,1.0,1.0,2.0,-29.0,-13.0,-22.0,91.0,out of pairing,out of pairing,out of pairing,out of pairing,out of pairing,out of pairing
544074,1,541619,1753474745,1.0,4.0,4.0,2.35166,-161.322,5.91178,-161.276,supplementary,out of pairing,supplementary,supplementary,supplementary,common
534034,6,499467,1753553356,2.0,1.0,2.0,-29.0,-13.0,-22.0,91.0,out of pairing,out of pairing,out of pairing,out of pairing,out of pairing,out of pairing
544074,0,538892,1753624117,1.0,,,,,,,supplementary,out of pairing,common,common,common,common
541619,0,538892,1753678609,1.0,,,,,,,supplementary,out of pairing,common,common,supplementary,common
538892,0,544074,1753821897,1.0,,,,,,,supplementary,out of pairing,supplementary,supplementary,common,common
544074,1,541619,1753876260,1.0,4.0,4.0,2.35166,-161.322,5.91178,-161.276,supplementary,out of pairing,supplementary,supplementary,supplementary,common
544074,0,541619,1753885852,1.0,,,,,,,supplementary,out of pairing,supplementary,supplementary,supplementary,common
538892,0,544074,1754026788,1.0,,,,,,,supplementary,out of pairing,supplementary,supplementary,common,common
544074,0,538892,1754326588,1.0,,,,,,,supplementary,out of pairing,common,common,common,common
544074,1,538892,1754401516,1.0,4.0,2.0,2.35166,-161.322,-23.5953,91.3571,supplementary,out of pairing,supplementary,supplementary,supplementary,common
544074,1,541619,1754559262,1.0,4.0,4.0,2.35166,-161.322,5.91178,-161.276,supplementary,out of pairing,supplementary,supplementary,supplementary,common
544074,0,541619,1754587909,1.0,,,,,,,supplementary,out of pairing,supplementary,supplementary,supplementary,common
538892,0,541619,1754662746,1.0,,,,,,,supplementary,out of pairing,common,common,supplementary,supplementary
544074,0,541619,1754712347,1.0,,,,,,,supplementary,out of pairing,supplementary,supplementary,supplementary,common
544074,1,541619,1754747610,1.0,4.0,4.0,2.35166,-161.322,5.91178,-161.276,supplementary,out of pairing,supplementary,supplementary,supplementary,common
542965,6,509607,1754762956,1.0,2.0,4.0,-22.0,91.0,1.0,-165.0,out of pairing,out of pairing,out of pairing,out of pairing,out of pairing,out of pairing
544074,0,538892,1754857017,1.0,,,,,,,supplementary,out of pairing,common,common,common,common
544074,1,538892,1754866789,1.0,4.0,2.0,2.35166,-161.322,-23.5953,91.3571,supplementary,out of pairing,supplementary,supplementary,supplementary,common
544074,1,538892,1754946491,1.0,4.0,2.0,2.35166,-161.322,-23.5953,91.3571,supplementary,out of pairing,supplementary,supplementary,supplementary,common
635665,6,625756,1755022156,5.0,0.0,3.0,33.0,-41.0,-25.0,-111.0,out of pairing,out of pairing,out of pairing,out of pairing,out of pairing,out of pairing
538892,0,544074,1755051207,1.0,,,,,,,supplementary,out of pairing,supplementary,supplementary,common,common
544074,0,541619,1755313442,1.0,,,,,,,supplementary,out of pairing,supplementary,supplementary,supplementary,common
544074,1,538892,1755385742,1.0,4.0,2.0,2.35166,-161.322,-23.5953,91.3571,supplementary,out of pairing,supplementary,supplementary,supplementary,common
544074,1,541619,1755544805,1.0,4.0,4.0,2.35166,-161.322,5.91178,-161.276,supplementary,out of pairing,supplementary,supplementary,supplementary,common
544074,0,541619,1755574438,1.0,,,,,,,supplementary,out of pairing,supplementary,supplementary,supplementary,common
538892,0,541619,1755690295,1.0,,,,,,,supplementary,out of pairing,common,common,supplementary,supplementary
538892,6,509607,1755713356,6.0,2.0,4.0,-22.0,91.0,1.0,-165.0,out of pairing,out of pairing,out of pairing,out of pairing,out of pairing,out of pairing
541619,0,544074,1755723452,1.0,,,,,,,supplementary,out of pairing,supplementary,supplementary,common,common
544074,0,538892,1755753667,1.0,,,,,,,supplementary,out of pairing,common,common,common,common
568093,6,625756,1755799756,1.0,0.0,3.0,33.0,-41.0,-25.0,-111.0,out of pairing,out of pairing,out of pairing,out of pairing,out of pairing,out of pairing
544074,1,541619,1755818454,1.0,4.0,4.0,2.35166,-161.322,5.91178,-161.276,supplementary,out of pairing,supplementary,supplementary,supplementary,common
541619,0,538892,1755865737,1.0,,,,,,,supplementary,out of pairing,common,common,supplementary,common
568093,6,499467,1756663756,1.0,3.0,2.0,-25.0,-111.0,-22.0,91.0,out of pairing,out of pairing,out of pairing,out of pairing,out of pairing,out of pairing
464459,6,625756,1756922956,2.0,0.0,3.0,33.0,-41.0,-25.0,-111.0,out of pairing,out of pairing,out of pairing,out of pairing,out of pairing,out of pairing
464459,6,499467,1757527756,4.0,3.0,2.0,-25.0,-111.0,-22.0,91.0,out of pairing,out of pairing,out of pairing,out of pairing,out of pairing,out of pairing
635665,6,499467,1757700556,4.0,3.0,2.0,-25.0,-111.0,-22.0,91.0,out of pairing,out of pairing,out of pairing,out of pairing,out of pairing,out of pairing
568093,6,561157,1759342156,1.0,2.0,0.0,-22.0,91.0,33.0,-41.0,out of pairing,out of pairing,out of pairing,out of pairing,out of pairing,out of pairing
635665,6,561157,1759428556,6.0,2.0,0.0,-22.0,91.0,33.0,-41.0,out of pairing,out of pairing,out of pairing,out of pairing,out of pairing,out of pairing
570284,6,509607,1760638156,1.0,5.0,4.0,22.0,156.0,1.0,-165.0,out of pairing,out of pairing,out of pairing,out of pairing,out of pairing,out of pairing
643925,6,625756,1761156556,3.0,4.0,3.0,1.0,-165.0,-25.0,-111.0,out of pairing,out of pairing,out of pairing,out of pairing,out of pairing,out of pairing
649553,6,625756,1761242956,1.0,4.0,3.0,1.0,-165.0,-25.0,-111.0,out of pairing,out of pairing,out of pairing,out of pairing,out of pairing,out of pairing
570284,6,625756,1762193356,4.0,4.0,3.0,1.0,-165.0,-25.0,-111.0,out of pairing,out of pairing,out of pairing,out of pairing,out of pairing,out of pairing
643925,6,509607,1762452556,4.0,5.0,4.0,22.0,156.0,1.0,-165.0,out of pairing,out of pairing,out of pairing,out of pairing,out of pairing,out of pairing
649553,6,509607,1762625356,2.0,5.0,4.0,22.0,156.0,1.0,-165.0,out of pairing,out of pairing,out of pairing,out of pairing,out of pairing,out of pairing
570284,6,616453,1763921356,2.0,0.0,5.0,33.0,-41.0,22.0,156.0,out of pairing,out of pairing,out of pairing,out of pairing,out of pairing,out of pairing
649553,6,616453,1764266956,6.0,0.0,5.0,33.0,-41.0,22.0,156.0,out of pairing,out of pairing,out of pairing,out of pairing,out of pairing,out of pairing
570284,6,561157,1764353356,6.0,3.0,0.0,-25.0,-111.0,33.0,-41.0,out of pairing,out of pairing,out of pairing,out of pairing,out of pairing,out of pairing
643925,6,561157,1764439756,5.0,3.0,0.0,-25.0,-111.0,33.0,-41.0,out of pairing,out of pairing,out of pairing,out of pairing,out of pairing,out of pairing
598006,6,657173,1765562956,1.0,5.0,1.0,22.0,156.0,-29.0,-13.0,out of pairing,out of pairing,out of pairing,out of pairing,out of pairing,out of pairing
612711,6,561157,1765822156,1.0,1.0,0.0,-29.0,-13.0,33.0,-41.0,out of pairing,out of pairing,out of pairing,out of pairing,out of pairing,out of pairing
598006,6,561157,1766167756,3.0,1.0,0.0,-29.0,-13.0,33.0,-41.0,out of pairing,out of pairing,out of pairing,out of pairing,out of pairing,out of pairing
643411,6,561157,1767204556,1.0,1.0,0.0,-29.0,-13.0,33.0,-41.0,out of pairing,out of pairing,out of pairing,out of pairing,out of pairing,out of pairing
610497,5,640784,1767225600,271.92,,,,,,,out of pairing,out of pairing,out of pairing,out of pairing,out of pairing,out of pairing
610497,5,630626,1767225600,961.13,,,,,,,out of pairing,out of pairing,out of pairing,out of pairing,out of pairing,out of pairing
552988,5,610497,1767225600,3704.63,,,,,,,out of pairing,out of pairing,out of pairing,out of pairing,out of pairing,out of pairing
610497,5,567195,1767225600,2020.36,,,,,,,out of pairing,out of pairing,out of pairing,out of pairing,out of pairing,out of pairing
610497,5,527449,1767225600,164.35,,,,,,,out of pairing,out of pairing,out of pairing,out of pairing,out of pairing,out of pairing
610497,5,459381,1767225600,516.88,,,,,,,out of pairing,out of pairing,out of pairing,out of pairing,out of pairing,out of pairing
610497,5,595298,1767225600,707.62,,,,,,,out of pairing,out of pairing,out of pairing,out of pairing,out of pairing,out of pairing
610497,5,466907,1767225600,382.9,,,,,,,out of pairing,out of pairing,out of pairing,out of pairing,out of pairing,out of pairing
610497,5,589943,1767225600,299.92,,,,,,,out of pairing,out of pairing,out of pairing,out of pairing,out of pairing,out of pairing
610497,5,537281,1767225600,476.32,,,,,,,out of pairing,out of pairing,out of pairing,out of pairing,out of pairing,out of pairing
610497,5,523927,1767225600,191.06,,,,,,,out of pairing,out of pairing,out of pairing,out of pairing,out of pairing,out of pairing
610497,5,580426,1767225600,180.33,,,,,,,out of pairing,out of pairing,out of pairing,out of pairing,out of pairing,out of pairing
610497,5,616315,1767225600,365.16,,,,,,,out of pairing,out of pairing,out of pairing,out of pairing,out of pairing,out of pairing
610497,5,503701,1767225600,1626.32,,,,,,,out of pairing,out of pairing,out of pairing,out of pairing,out of pairing,out of pairing
610497,5,632961,1767225600,196.78,,,,,,,out of pairing,out of pairing,out of pairing,out of pairing,out of pairing,out of pairing
610497,5,473173,1767225600,91.95,,,,,,,out of pairing,out of pairing,out of pairing,out of pairing,out of pairing,out of pairing
610497,5,620120,1767225600,119.2,,,,,,,out of pairing,out of pairing,out of pairing,out of pairing,out of pairing,out of pairing
610497,5,575030,1767225600,3200.7,,,,,,,out of pairing,out of pairing,out of pairing,out of pairing,out of pairing,out of pairing
578531,5,640784,1767225600,127.15,,,,,,,out of pairing,out of pairing,out of pairing,out of pairing,out of pairing,out of pairing
578531,5,503218,1767225600,794.95,,,,,,,out of pairing,out of pairing,out of pairing,out of pairing,out of pairing,out of pairing
578531,5,630626,1767225600,5216.01,,,,,,,out of pairing,out of pairing,out of pairing,out of pairing,out of pairing,out of pairing
510031,5,578531,1767225600,535.49,,,,,,,out of pairing,out of pairing,out of pairing,out of pairing,out of pairing,out of pairing
552988,5,578531,1767225600,44432.6,,,,,,,out of pairing,out of pairing,out of pairing,out of pairing,out of pairing,out of pairing
578531,5,567195,1767225600,4032.44,,,,,,,out of pairing,out of pairing,out of pairing,out of pairing,out of pairing,out of pairing
578531,5,527449,1767225600,112.79,,,,,,,out of pairing,out of pairing,out of pairing,out of pairing,out of pairing,out of pairing
578531,5,459381,1767225600,564.37,,,,,,,out of pairing,out of pairing,out of pairing,out of pairing,out of pairing,out of pairing
578531,5,595298,1767225600,3687.96,,,,,,,out of pairing,out of pairing,out of pairing,out of pairing,out of pairing,out of pairing
578531,5,466907,1767225600,604.91,,,,,,,out of pairing,out of pairing,out of pairing,out of pairing,out of pairing,out of pairing
578531,5,606730,1767225600,1122.89,,,,,,,out of pairing,out of pairing,out of pairing,out of pairing,out of pairing,out of pairing
578531,5,589943,1767225600,1464.95,,,,,,,out of pairing,out of pairing,out of pairing,out of pairing,out of pairing,out of pairing
578531,5,577992,1767225600,4967.63,,,,,,,out of pairing,out of pairing,out of pairing,out of pairing,out of pairing,out of pairing
578531,5,537281,1767225600,951.82,,,,,,,out of pairing,out of pairing,out of pairing,out of pairing,out of pairing,out of pairing
578531,5,523927,1767225600,1875.25,,,,,,,out of pairing,out of pairing,out of pairing,out of pairing,out of pairing,out of pairing
578531,5,580426,1767225600,765.2,,,,,,,out of pairing,out of pairing,out of pairing,out of pairing,out of pairing,out of pairing
578531,5,616315,1767225600,94.12,,,,,,,out of pairing,out of pairing,out of pairing,out of pairing,out of pairing,out of pairing
578531,5,642329,1767225600,842.49,,,,,,,out of pairing,out of pairing,out of pairing,out of pairing,out of pairing,out of pairing
578531,5,503701,1767225600,2131.32,,,,,,,out of pairing,out of pairing,out of pairing,out of pairing,out of pairing,out of pairing
578531,5,632961,1767225600,779.39,,,,,,,out of pairing,out of pairing,out of pairing,out of pairing,out of pairing,out of pairing
578531,5,473173,1767225600,979.19,,,,,,,out of pairing,out of pairing,out of pairing,out of pairing,out of pairing,out of pairing
578531,5,620120,1767225600,6814.56,,,,,,,out of pairing,out of pairing,out of pairing,out of pairing,out of pairing,out of pairing
578531,5,575030,1767225600,3994.14,,,,,,,out of pairing,out of pairing,out of pairing,out of pairing,out of pairing,out of pairing
578531,5,621924,1767225600,1367.71,,,,,,,out of pairing,out of pairing,out of pairing,out of pairing,out of pairing,out of pairing
657076,5,640784,1767225600,983.51,,,,,,,out of pairing,out of pairing,out of pairing,out of pairing,out of pairing,out of pairing
657076,5,630626,1767225600,4887.83,,,,,,,out of pairing,out of pairing,out of pairing,out of pairing,out of pairing,out of pairing
552988,5,657076,1767225600,36157.5,,,,,,,out of pairing,out of pairing,out of pairing,out of pairing,out of pairing,out of pairing
657076,5,527449,1767225600,384.3,,,,,,,out of pairing,out of pairing,out of pairing,out of pairing,out of pairing,out of pairing
657076,5,459381,1767225600,595.71,,,,,,,out of pairing,out of pairing,out of pairing,out of pairing,out of pairing,out of pairing
657076,5,595298,1767225600,2596.98,,,,,,,out of pairing,out of pairing,out of pairing,out of pairing,out of pairing,out of pairing
657076,5,466907,1767225600,458.72,,,,,,,out of pairing,out of pairing,out of pairing,out of pairing,out of pairing,out of pairing
657076,5,589943,1767225600,1950.69,,,,,,,out of pairing,out of pairing,out of pairing,out of pairing,out of pairing,out of pairing
657076,5,537281,1767225600,530.82,,,,,,,out of pairing,out of pairing,out of pairing,out of pairing,out of pairing,out of pairing
657076,5,523927,1767225600,1922.91,,,,,,,out of pairing,out of pairing,out of pairing,out of pairing,out of pairing,out of pairing
657076,5,580426,1767225600,501.28,,,,,,,out of pairing,out of pairing,out of pairing,out of pairing,out of pairing,out of pairing
657076,5,616315,1767225600,1384.47,,,,,,,out of pairing,out of pairing,out of pairing,out of pairing,out of pairing,out of pairing
657076,5,642329,1767225600,719.92,,,,,,,out of pairing,out of pairing,out of pairing,out of pairing,out of pairing,out of pairing
657076,5,503701,1767225600,180.6,,,,,,,out of pairing,out of pairing,out of pairing,out of pairing,out of pairing,out of pairing
657076,5,473173,1767225600,242.37,,,,,,,out of pairing,out of pairing,out of pairing,out of pairing,out of pairing,out of pairing
657076,5,620120,1767225600,5823.53,,,,,,,out of pairing,out of pairing,out of pairing,out of pairing,out of pairing,out of pairing
657076,5,575030,1767225600,7256.03,,,,,,,out of pairing,out of pairing,out of pairing,out of pairing,out of pairing,out of pairing
657076,5,621924,1767225600,1257.76,,,,,,,out of pairing,out of pairing,out of pairing,out of pairing,out of pairing,out of pairing
478754,5,630626,1767225600,6376.02,,,,,,,out of pairing,out of pairing,out of pairing,out of pairing,out of pairing,out of pairing
510031,5,478754,1767225600,197.45,,,,,,,out of pairing,out of pairing,out of pairing,out of pairing,out of pairing,out of pairing
552988,5,478754,1767225600,29465.3,,,,,,,out of pairing,out of pairing,out of pairing,out of pairing,out of pairing,out of pairing
478754,5,527449,1767225600,334.0,,,,,,,out of pairing,out of pairing,out of pairing,out of pairing,out of pairing,out of pairing
478754,5,459381,1767225600,546.44,,,,,,,out of pairing,out of pairing,out of pairing,out of pairing,out of pairing,out of pairing
478754,5,595298,1767225600,1567.57,,,,,,,out of pairing,out of pairing,out of pairing,out of pairing,out of pairing,out of pairing
478754,5,466907,1767225600,1232.64,,,,,,,out of pairing,out of pairing,out of pairing,out of pairing,out of pairing,out of pairing
478754,5,589943,1767225600,1763.76,,,,,,,out of pairing,out of pairing,out of pairing,out of pairing,out of pairing,out of pairing
478754,5,577992,1767225600,179.32,,,,,,,out of pairing,out of pairing,out of pairing,out of pairing,out of pairing,out of pairing
478754,5,523927,1767225600,904.42,,,,,,,out of pairing,out of pairing,out of pairing,out of pairing,out of pairing,out of pairing
478754,5,616315,1767225600,671.78,,,,,,,out of pairing,out of pairing,out of pairing,out of pairing,out of pairing,out of pairing
478754,5,642329,1767225600,885.78,,,,,,,out of pairing,out of pairing,out of pairing,out of pairing,out of pairing,out of pairing
478754,5,571970,1767225600,132.51,,,,,,,out of pairing,out of pairing,out of pairing,out of pairing,out of pairing,out of pairing
478754,5,632961,1767225600,105.23,,,,,,,out of pairing,out of pairing,out of pairing,out of pairing,out of pairing,out of pairing
478754,5,473173,1767225600,2312.74,,,,,,,out of pairing,out of pairing,out of pairing,out of pairing,out of pairing,out of pairing
478754,5,620120,1767225600,2277.9,,,,,,,out of pairing,out of pairing,out of pairing,out of pairing,out of pairing,out of pairing
478754,5,621924,1767225600,611.39,,,,,,,out of pairing,out of pairing,out of pairing,out of pairing,out of pairing,out of pairing
575295,5,630626,1767225600,1131.09,,,,,,,out of pairing,out of pairing,out of pairing,out of pairing,out of pairing,out of pairing
552988,5,575295,1767225600,25163.8,,,,,,,out of pairing,out of pairing,out of pairing,out of pairing,out of pairing,out of pairing
575295,5,527449,1767225600,516.47,,,,,,,out of pairing,out of pairing,out of pairing,out of pairing,out of pairing,out of pairing
575295,5,459381,1767225600,173.64,,,,,,,out of pairing,out of pairing,out of pairing,out of pairing,out of pairing,out of pairing
575295,5,595298,1767225600,1609.94,,,,,,,out of pairing,out of pairing,out of pairing,out of pairing,out of pairing,out of pairing
575295,5,466907,1767225600,429.42,,,,,,,out of pairing,out of pairing,out of pairing,out of pairing,out of pairing,out of pairing
575295,5,577992,1767225600,2117.18,,,,,,,out of pairing,out of pairing,out of pairing,out of pairing,out of pairing,out of pairing
575295,5,537281,1767225600,277.44,,,,,,,out of pairing,out of pairing,out of pairing,out of pairing,out of pairing,out of pairing
575295,5,523927,1767225600,1211.81,,,,,,,out of pairing,out of pairing,out of pairing,out of pairing,out of pairing,out of pairing
575295,5,595581,1767225600,1191.34,,,,,,,out of pairing,out of pairing,out of pairing,out of pairing,out of pairing,out of pairing
575295,5,616315,1767225600,2.91,,,,,,,out of pairing,out of pairing,out of pairing,out of pairing,out of pairing,out of pairing
575295,5,642329,1767225600,280.94,,,,,,,out of pairing,out of pairing,out of pairing,out of pairing,out of pairing,out of pairing
575295,5,571970,1767225600,60.24,,,,,,,out of pairing,out of pairing,out of pairing,out of pairing,out of pairing,out of pairing
575295,5,632961,1767225600,281.97,,,,,,,out of pairing,out of pairing,out of pairing,out of pairing,out of pairing,out of pairing
575295,5,473173,1767225600,2150.02,,,,,,,out of pairing,out of pairing,out of pairing,out of pairing,out of pairing,out of pairing
575295,5,620120,1767225600,1213.18,,,,,,,out of pairing,out of pairing,out of pairing,out of pairing,out of pairing,out of pairing
575295,5,575030,1767225600,5529.22,,,,,,,out of pairing,out of pairing,out of pairing,out of pairing,out of pairing,out of pairing
575295,5,621924,1767225600,1638.18,,,,,,,out of pairing,out of pairing,out of pairing,out of pairing,out of pairing,out of pairing
568284,5,630626,1767225600,5053.94,,,,,,,out of pairing,out of pairing,out of pairing,out of pairing,out of pairing,out of pairing
552988,5,568284,1767225600,7039.65,,,,,,,out of pairing,out of pairing,out of pairing,out of pairing,out of pairing,out of pairing
568284,5,567195,1767225600,1147.37,,,,,,,out of pairing,out of pairing,out of pairing,out of pairing,out of pairing,out of pairing
568284,5,527449,1767225600,285.7,,,,,,,out of pairing,out of pairing,out of pairing,out of pairing,out of pairing,out of pairing
568284,5,459381,1767225600,267.45,,,,,,,out of pairing,out of pairing,out of pairing,out of pairing,out of pairing,out of pairing
568284,5,595298,1767225600,3054.32,,,,,,,out of pairing,out of pairing,out of pairing,out of pairing,out of pairing,out of pairing
568284,5,466907,1767225600,701.36,,,,,,,out of pairing,out of pairing,out of pairing,out of pairing,out of pairing,out of pairing
568284,5,589943,1767225600,369.91,,,,,,,out of pairing,out of pairing,out of pairing,out of pairing,out of pairing,out of pairing
568284,5,577992,1767225600,279.83,,,,,,,out of pairing,out of pairing,out of pairing,out of pairing,out of pairing,out of pairing
568284,5,537281,1767225600,141.32,,,,,,,out of pairing,out of pairing,out of pairing,out of pairing,out of pairing,out of pairing
568284,5,523927,1767225600,584.34,,,,,,,out of pairing,out of pairing,out of pairing,out of pairing,out of pairing,out of pairing
568284,5,595581,1767225600,1772.19,,,,,,,out of pairing,out of pairing,out of pairing,out of pairing,out of pairing,out of pairing
568284,5,616315,1767225600,955.54,,,,,,,out of pairing,out of pairing,out of pairing,out of pairing,out of pairing,out of pairing
568284,5,642329,1767225600,818.09,,,,,,,out of pairing,out of pairing,out of pairing,out of pairing,out of pairing,out of pairing
568284,5,503701,1767225600,2456.28,,,,,,,out of pairing,out of pairing,out of pairing,out of pairing,out of pairing,out of pairing
568284,5,571970,1767225600,92.37,,,,,,,out of pairing,out of pairing,out of pairing,out of pairing,out of pairing,out of pairing
568284,5,632961,1767225600,439.2,,,,,,,out of pairing,out of pairing,out of pairing,out of pairing,out of pairing,out of pairing
568284,5,473173,1767225600,3084.78,,,,,,,out of pairing,out of pairing,out of pairing,out of pairing,out of pairing,out of pairing
568284,5,620120,1767225600,164.3,,,,,,,out of pairing,out of pairing,out of pairing,out of pairing,out of pairing,out of pairing
568284,5,575030,1767225600,3861.34,,,,,,,out of pairing,out of pairing,out of pairing,out of pairing,out of pairing,out of pairing
568284,5,621924,1767225600,817.27,,,,,,,out of pairing,out of pairing,out of pairing,out of pairing,out of pairing,out of pairing
508898,5,503218,1767225600,1437.55,,,,,,,out of pairing,out of pairing,out of pairing,out of pairing,out of pairing,out of pairing
508898,5,630626,1767225600,7216.68,,,,,,,out of pairing,out of pairing,out of pairing,out of pairing,out of pairing,out of pairing
510031,5,508898,1767225600,2664.62,,,,,,,out of pairing,out of pairing,out of pairing,out of pairing,out of pairing,out of pairing
552988,5,508898,1767225600,50214.1,,,,,,,out of pairing,out of pairing,out of pairing,out of pairing,out of pairing,out of pairing
508898,5,567195,1767225600,5377.2,,,,,,,out of pairing,out of pairing,out of pairing,out of pairing,out of pairing,out of pairing
508898,5,527449,1767225600,73.45,,,,,,,out of pairing,out of pairing,out of pairing,out of pairing,out of pairing,out of pairing
508898,5,459381,1767225600,624.98,,,,,,,out of pairing,out of pairing,out of pairing,out of pairing,out of pairing,out of pairing
508898,5,595298,1767225600,2939.52,,,,,,,out of pairing,out of pairing,out of pairing,out of pairing,out of pairing,out of pairing
508898,5,466907,1767225600,1068.85,,,,,,,out of pairing,out of pairing,out of pairing,out of pairing,out of pairing,out of pairing
508898,5,589943,1767225600,2951.76,,,,,,,out of pairing,out of pairing,out of pairing,out of pairing,out of pairing,out of pairing
508898,5,537281,1767225600,1414.3,,,,,,,out of pairing,out of pairing,out of pairing,out of pairing,out of pairing,out of pairing
508898,5,523927,1767225600,3035.49,,,,,,,out of pairing,out of pairing,out of pairing,out of pairing,out of pairing,out of pairing
508898,5,580426,1767225600,384.0,,,,,,,out of pairing,out of pairing,out of pairing,out of pairing,out of pairing,out of pairing
508898,5,595581,1767225600,1272.62,,,,,,,out of pairing,out of pairing,out of pairing,out of pairing,out of pairing,out of pairing
508898,5,642329,1767225600,187.12,,,,,,,out of pairing,out of pairing,out of pairing,out of pairing,out of pairing,out of pairing
508898,5,503701,1767225600,3744.72,,,,,,,out of pairing,out of pairing,out of pairing,out of pairing,out of pairing,out of pairing
508898,5,473173,1767225600,1245.58,,,,,,,out of pairing,out of pairing,out of pairing,out of pairing,out of pairing,out of pairing
508898,5,620120,1767225600,13481.8,,,,,,,out of pairing,out of pairing,out of pairing,out of pairing,out of pairing,out of pairing
508898,5,575030,1767225600,19974.0,,,,,,,out of pairing,out of pairing,out of pairing,out of pairing,out of pairing,out of pairing
508898,5,621924,1767225600,1053.33,,,,,,,out of pairing,out of pairing,out of pairing,out of pairing,out of pairing,out of pairing
510031,5,538892,1767225600,612.53,,,,,,,out of pairing,out of pairing,out of pairing,out of pairing,out of pairing,out of pairing
552988,5,538892,1767225600,7866.03,,,,,,,out of pairing,out of pairing,out of pairing,out of pairing,out of pairing,out of pairing
538892,5,567195,1767225600,804.6,,,,,,,out of pairing,out of pairing,out of pairing,out of pairing,out of pairing,out of pairing
538892,5,527449,1767225600,66.56,,,,,,,out of pairing,out of pairing,out of pairing,out of pairing,out of pairing,out of pairing
538892,5,459381,1767225600,206.85,,,,,,,out of pairing,out of pairing,out of pairing,out of pairing,out of pairing,out of pairing
538892,5,595298,1767225600,2929.23,,,,,,,out of pairing,out of pairing,out of pairing,out of pairing,out of pairing,out of pairing
538892,5,466907,1767225600,411.67,,,,,,,out of pairing,out of pairing,out of pairing,out of pairing,out of pairing,out of pairing
538892,5,589943,1767225600,1336.5,,,,,,,out of pairing,out of pairing,out of pairing,out of pairing,out of pairing,out of pairing
538892,5,577992,1767225600,2087.94,,,,,,,out of pairing,out of pairing,out of pairing,out of pairing,out of pairing,out of pairing
538892,5,537281,1767225600,115.09,,,,,,,out of pairing,out of pairing,out of pairing,out of pairing,out of pairing,out of pairing
538892,5,523927,1767225600,318.53,,,,,,,out of pairing,out of pairing,out of pairing,out of pairing,out of pairing,out of pairing
538892,5,580426,1767225600,287.96,,,,,,,out of pairing,out of pairing,out of pairing,out of pairing,out of pairing,out of pairing
538892,5,642329,1767225600,1700.68,,,,,,,out of pairing,out of pairing,out of pairing,out of pairing,out of pairing,out of pairing
538892,5,632961,1767225600,232.76,,,,,,,out of pairing,out of pairing,out of pairing,out of pairing,out of pairing,out of pairing
538892,5,473173,1767225600,397.53,,,,,,,out of pairing,out of pairing,out of pairing,out of pairing,out of pairing,out of pairing
620120,5,538892,1767225600,1256.32,,,,,,,out of pairing,out of pairing,out of pairing,out of pairing,out of pairing,out of pairing
538892,5,575030,1767225600,2011.04,,,,,,,out of pairing,out of pairing,out of pairing,out of pairing,out of pairing,out of pairing
538892,5,621924,1767225600,7084.51,,,,,,,out of pairing,out of pairing,out of pairing,out of pairing,out of pairing,out of pairing
510031,5,572391,1767225600,323.44,,,,,,,out of pairing,out of pairing,out of pairing,out of pairing,out of pairing,out of pairing
552988,5,572391,1767225600,9063.18,,,,,,,out of pairing,out of pairing,out of pairing,out of pairing,out of pairing,out of pairing
572391,5,567195,1767225600,593.37,,,,,,,out of pairing,out of pairing,out of pairing,out of pairing,out of pairing,out of pairing
572391,5,527449,1767225600,377.58,,,,,,,out of pairing,out of pairing,out of pairing,out of pairing,out of pairing,out of pairing
572391,5,459381,1767225600,330.92,,,,,,,out of pairing,out of pairing,out of pairing,out of pairing,out of pairing,out of pairing
572391,5,595298,1767225600,642.73,,,,,,,out of pairing,out of pairing,out of pairing,out of pairing,out of pairing,out of pairing
572391,5,466907,1767225600,288.38,,,,,,,out of pairing,out of pairing,out of pairing,out of pairing,out of pairing,out of pairing
572391,5,589943,1767225600,1117.58,,,,,,,out of pairing,out of pairing,out of pairing,out of pairing,out of pairing,out of pairing
572391,5,577992,1767225600,619.38,,,,,,,out of pairing,out of pairing,out of pairing,out of pairing,out of pairing,out of pairing
572391,5,537281,1767225600,315.44,,,,,,,out of pairing,out of pairing,out of pairing,out of pairing,out of pairing,out of pairing
572391,5,580426,1767225600,140.14,,,,,,,out of pairing,out of pairing,out of pairing,out of pairing,out of pairing,out of pairing
572391,5,616315,1767225600,253.64,,,,,,,out of pairing,out of pairing,out of pairing,out of pairing,out of pairing,out of pairing
572391,5,503701,1767225600,1960.88,,,,,,,out of pairing,out of pairing,out of pairing,out of pairing,out of pairing,out of pairing
572391,5,632961,1767225600,214.29,,,,,,,out of pairing,out of pairing,out of pairing,out of pairing,out of pairing,out of pairing
572391,5,473173,1767225600,787.03,,,,,,,out of pairing,out of pairing,out of pairing,out of pairing,out of pairing,out of pairing
620120,5,572391,1767225600,1472.17,,,,,,,out of pairing,out of pairing,out of pairing,out of pairing,out of pairing,out of pairing
572391,5,575030,1767225600,7690.99,,,,,,,out of pairing,out of pairing,out of pairing,out of pairing,out of pairing,out of pairing
572391,5,621924,1767225600,3433.52,,,,,,,out of pairing,out of pairing,out of pairing,out of pairing,out of pairing,out of pairing
552988,5,542965,1767225600,14865.8,,,,,,,out of pairing,out of pairing,out of pairing,out of pairing,out of pairing,out of pairing
542965,5,567195,1767225600,1031.52,,,,,,,out of pairing,out of pairing,out of pairing,out of pairing,out of pairing,out of pairing
542965,5,527449,1767225600,149.53,,,,,,,out of pairing,out of pairing,out of pairing,out of pairing,out of pairing,out of pairing
542965,5,459381,1767225600,737.83,,,,,,,out of pairing,out of pairing,out of pairing,out of pairing,out of pairing,out of pairing
542965,5,595298,1767225600,3375.37,,,,,,,out of pairing,out of pairing,out of pairing,out of pairing,out of pairing,out of pairing
542965,5,466907,1767225600,177.36,,,,,,,out of pairing,out of pairing,out of pairing,out of pairing,out of pairing,out of pairing
542965,5,589943,1767225600,232.68,,,,,,,out of pairing,out of pairing,out of pairing,out of pairing,out of pairing,out of pairing
542965,5,537281,1767225600,136.94,,,,,,,out of pairing,out of pairing,out of pairing,out of pairing,out of pairing,out of pairing
542965,5,523927,1767225600,1100.57,,,,,,,out of pairing,out of pairing,out of pairing,out of pairing,out of pairing,out of pairing
542965,5,580426,1767225600,613.8,,,,,,,out of pairing,out of pairing,out of pairing,out of pairing,out of pairing,out of pairing
542965,5,595581,1767225600,1637.51,,,,,,,out of pairing,out of pairing,out of pairing,out of pairing,out of pairing,out of pairing
542965,5,616315,1767225600,1420.57,,,,,,,out of pairing,out of pairing,out of pairing,out of pairing,out of pairing,out of pairing
542965,5,642329,1767225600,415.8,,,,,,,out of pairing,out of pairing,out of pairing,out of pairing,out of pairing,out of pairing
542965,5,571970,1767225600,210.09,,,,,,,out of pairing,out of pairing,out of pairing,out of pairing,out of pairing,out of pairing
542965,5,632961,1767225600,373.32,,,,,,,out of pairing,out of pairing,out of pairing,out of pairing,out of pairing,out of pairing
542965,5,473173,1767225600,310.96,,,,,,,out of pairing,out of pairing,out of pairing,out of pairing,out of pairing,out of pairing
542965,5,620120,1767225600,804.21,,,,,,,out of pairing,out of pairing,out of pairing,out of pairing,out of pairing,out of pairing
542965,5,575030,1767225600,8413.6,,,,,,,out of pairing,out of pairing,out of pairing,out of pairing,out of pairing,out of pairing
542965,5,621924,1767225600,798.15,,,,,,,out of pairing,out of pairing,out of pairing,out of pairing,out of pairing,out of pairing
536951,5,503218,1767225600,1252.81,,,,,,,out of pairing,out of pairing,out of pairing,out of pairing,out of pairing,out of pairing
552988,5,536951,1767225600,5234.64,,,,,,,out of pairing,out of pairing,out of pairing,out of pairing,out of pairing,out of pairing
536951,5,567195,1767225600,4019.67,,,,,,,out of pairing,out of pairing,out of pairing,out of pairing,out of pairing,out of pairing
536951,5,527449,1767225600,507.47,,,,,,,out of pairing,out of pairing,out of pairing,out of pairing,out of pairing,out of pairing
536951,5,459381,1767225600,200.63,,,,,,,out of pairing,out of pairing,out of pairing,out of pairing,out of pairing,out of pairing
536951,5,595298,1767225600,1391.04,,,,,,,out of pairing,out of pairing,out of pairing,out of pairing,out of pairing,out of pairing
536951,5,466907,1767225600,620.27,,,,,,,out of pairing,out of pairing,out of pairing,out of pairing,out of pairing,out of pairing
536951,5,589943,1767225600,449.32,,,,,,,out of pairing,out of pairing,out of pairing,out of pairing,out of pairing,out of pairing
536951,5,577992,1767225600,2552.28,,,,,,,out of pairing,out of pairing,out of pairing,out of pairing,out of pairing,out of pairing
536951,5,537281,1767225600,421.71,,,,,,,out of pairing,out of pairing,out of pairing,out of pairing,out of pairing,out of pairing
536951,5,523927,1767225600,475.36,,,,,,,out of pairing,out of pairing,out of pairing,out of pairing,out of pairing,out of pairing
536951,5,580426,1767225600,394.63,,,,,,,out of pairing,out of pairing,out of pairing,out of pairing,out of pairing,out of pairing
536951,5,595581,1767225600,954.38,,,,,,,out of pairing,out of pairing,out of pairing,out of pairing,out of pairing,out of pairing
536951,5,616315,1767225600,2141.56,,,,,,,out of pairing,out of pairing,out of pairing,out of pairing,out of pairing,out of pairing
536951,5,642329,1767225600,1414.94,,,,,,,out of pairing,out of pairing,out of pairing,out of pairing,out of pairing,out of pairing
536951,5,503701,1767225600,3296.54,,,,,,,out of pairing,out of pairing,out of pairing,out of pairing,out of pairing,out of pairing
536951,5,473173,1767225600,221.54,,,,,,,out of pairing,out of pairing,out of pairing,out of pairing,out of pairing,out of pairing
536951,5,620120,1767225600,1187.43,,,,,,,out of pairing,out of pairing,out of pairing,out of pairing,out of pairing,out of pairing
536951,5,575030,1767225600,4620.27,,,,,,,out of pairing,out of pairing,out of pairing,out of pairing,out of pairing,out of pairing
552988,5,466976,1767225600,38019.8,,,,,,,out of pairing,out of pairing,out of pairing,out of pairing,out of pairing,out of pairing
466976,5,527449,1767225600,640.95,,,,,,,out of pairing,out of pairing,out of pairing,out of pairing,out of pairing,out of pairing
466976,5,459381,1767225600,2249.28,,,,,,,out of pairing,out of pairing,out of pairing,out of pairing,out of pairing,out of pairing
466976,5,595298,1767225600,7533.16,,,,,,,out of pairing,out of pairing,out of pairing,out of pairing,out of pairing,out of pairing
466976,5,466907,1767225600,576.32,,,,,,,out of pairing,out of pairing,out of pairing,out of pairing,out of pairing,out of pairing
466976,5,589943,1767225600,3435.72,,,,,,,out of pairing,out of pairing,out of pairing,out of pairing,out of pairing,out of pairing
466976,5,577992,1767225600,3963.81,,,,,,,out of pairing,out of pairing,out of pairing,out of pairing,out of pairing,out of pairing
466976,5,537281,1767225600,848.82,,,,,,,out of pairing,out of pairing,out of pairing,out of pairing,out of pairing,out of pairing
466976,5,523927,1767225600,3202.79,,,,,,,out of pairing,out of pairing,out of pairing,out of pairing,out of pairing,out of pairing
466976,5,642329,1767225600,1652.08,,,,,,,out of pairing,out of pairing,out of pairing,out of pairing,out of pairing,out of pairing
466976,5,503701,1767225600,5169.73,,,,,,,out of pairing,out of pairing,out of pairing,out of pairing,out of pairing,out of pairing
466976,5,571970,1767225600,168.32,,,,,,,out of pairing,out of pairing,out of pairing,out of pairing,out of pairing,out of pairing
466976,5,632961,1767225600,723.89,,,,,,,out of pairing,out of pairing,out of pairing,out of pairing,out of pairing,out of pairing
466976,5,473173,1767225600,7146.89,,,,,,,out of pairing,out of pairing,out of pairing,out of pairing,out of pairing,out of pairing
466976,5,620120,1767225600,248.9,,,,,,,out of pairing,out of pairing,out of pairing,out of pairing,out of pairing,out of pairing
466976,5,575030,1767225600,5749.62,,,,,,,out of pairing,out of pairing,out of pairing,out of pairing,out of pairing,out of pairing
466976,5,621924,1767225600,3816.99,,,,,,,out of pairing,out of pairing,out of pairing,out of pairing,out of pairing,out of pairing
510031,5,607386,1767225600,915.56,,,,,,,out of pairing,out of pairing,out of pairing,out of pairing,out of pairing,out of pairing
552988,5,607386,1767225600,67455.8,,,,,,,out of pairing,out of pairing,out of pairing,out of pairing,out of pairing,out of pairing
607386,5,567195,1767225600,3985.69,,,,,,,out of pairing,out of pairing,out of pairing,out of pairing,out of pairing,out of pairing
607386,5,527449,1767225600,352.43,,,,,,,out of pairing,out of pairing,out of pairing,out of pairing,out of pairing,out of pairing
607386,5,459381,1767225600,174.81,,,,,,,out of pairing,out of pairing,out of pairing,out of pairing,out of pairing,out of pairing
607386,5,595298,1767225600,5638.62,,,,,,,out of pairing,out of pairing,out of pairing,out of pairing,out of pairing,out of pairing
607386,5,466907,1767225600,2396.91,,,,,,,out of pairing,out of pairing,out of pairing,out of pairing,out of pairing,out of pairing
607386,5,589943,1767225600,622.79,,,,,,,out of pairing,out of pairing,out of pairing,out of pairing,out of pairing,out of pairing
607386,5,537281,1767225600,170.71,,,,,,,out of pairing,out of pairing,out of pairing,out of pairing,out of pairing,out of pairing
607386,5,523927,1767225600,4129.17,,,,,,,out of pairing,out of pairing,out of pairing,out of pairing,out of pairing,out of pairing
607386,5,580426,1767225600,790.97,,,,,,,out of pairing,out of pairing,out of pairing,out of pairing,out of pairing,out of pairing
607386,5,595581,1767225600,618.59,,,,,,,out of pairing,out of pairing,out of pairing,out of pairing,out of pairing,out of pairing
607386,5,642329,1767225600,2377.76,,,,,,,out of pairing,out of pairing,out of pairing,out of pairing,out of pairing,out of pairing
607386,5,503701,1767225600,6084.53,,,,,,,out of pairing,out of pairing,out of pairing,out of pairing,out of pairing,out of pairing
607386,5,632961,1767225600,347.93,,,,,,,out of pairing,out of pairing,out of pairing,out of pairing,out of pairing,out of pairing
607386,5,473173,1767225600,3632.97,,,,,,,out of pairing,out of pairing,out of pairing,out of pairing,out of pairing,out of pairing
620120,5,607386,1767225600,601.22,,,,,,,out of pairing,out of pairing,out of pairing,out of pairing,out of pairing,out of pairing
607386,5,575030,1767225600,18698.1,,,,,,,out of pairing,out of pairing,out of pairing,out of pairing,out of pairing,out of pairing
607386,5,621924,1767225600,2016.27,,,,,,,out of pairing,out of pairing,out of pairing,out of pairing,out of pairing,out of pairing
628223,5,503218,1767225600,2582.67,,,,,,,out of pairing,out of pairing,out of pairing,out of pairing,out of pairing,out of pairing
628223,5,630626,1767225600,8091.25,,,,,,,out of pairing,out of pairing,out of pairing,out of pairing,out of pairing,out of pairing
510031,5,628223,1767225600,1129.49,,,,,,,out of pairing,out of pairing,out of pairing,out of pairing,out of pairing,out of pairing
552988,5,628223,1767225600,86251.6,,,,,,,out of pairing,out of pairing,out of pairing,out of pairing,out of pairing,out of pairing
628223,5,567195,1767225600,9336.13,,,,,,,out of pairing,out of pairing,out of pairing,out of pairing,out of pairing,out of pairing
628223,5,527449,1767225600,576.14,,,,,,,out of pairing,out of pairing,out of pairing,out of pairing,out of pairing,out of pairing
628223,5,459381,1767225600,978.47,,,,,,,out of pairing,out of pairing,out of pairing,out of pairing,out of pairing,out of pairing
628223,5,595298,1767225600,8384.06,,,,,,,out of pairing,out of pairing,out of pairing,out of pairing,out of pairing,out of pairing
628223,5,466907,1767225600,1096.37,,,,,,,out of pairing,out of pairing,out of pairing,out of pairing,out of pairing,out of pairing
628223,5,606730,1767225600,1846.53,,,,,,,out of pairing,out of pairing,out of pairing,out of pairing,out of pairing,out of pairing
628223,5,537281,1767225600,948.57,,,,,,,out of pairing,out of pairing,out of pairing,out of pairing,out of pairing,out of pairing
628223,5,523927,1767225600,4632.3,,,,,,,out of pairing,out of pairing,out of pairing,out of pairing,out of pairing,out of pairing
628223,5,580426,1767225600,30.83,,,,,,,out of pairing,out of pairing,out of pairing,out of pairing,out of pairing,out of pairing
628223,5,595581,1767225600,3739.59,,,,,,,out of pairing,out of pairing,out of pairing,out of pairing,out of pairing,out of pairing
628223,5,642329,1767225600,4394.98,,,,,,,out of pairing,out of pairing,out of pairing,out of pairing,out of pairing,out of pairing
628223,5,503701,1767225600,7443.2,,,,,,,out of pairing,out of pairing,out of pairing,out of pairing,out of pairing,out of pairing
628223,5,571970,1767225600,304.78,,,,,,,out of pairing,out of pairing,out of pairing,out of pairing,out of pairing,out of pairing
628223,5,632961,1767225600,520.28,,,,,,,out of pairing,out of pairing,out of pairing,out of pairing,out of pairing,out of pairing
628223,5,473173,1767225600,6636.04,,,,,,,out of pairing,out of pairing,out of pairing,out of pairing,out of pairing,out of pairing
628223,5,620120,1767225600,4485.42,,,,,,,out of pairing,out of pairing,out of pairing,out of pairing,out of pairing,out of pairing
628223,5,575030,1767225600,19153.4,,,,,,,out of pairing,out of pairing,out of pairing,out of pairing,out of pairing,out of pairing
628223,5,621924,1767225600,1117.73,,,,,,,out of pairing,out of pairing,out of pairing,out of pairing,out of pairing,out of pairing
516236,5,630626,1767225600,39291.8,,,,,,,out of pairing,out of pairing,out of pairing,out of pairing,out of pairing,out of pairing
510031,5,516236,1767225600,6908.27,,,,,,,out of pairing,out of pairing,out of pairing,out of pairing,out of pairing,out of pairing
552988,5,516236,1767225600,159997.0,,,,,,,out of pairing,out of pairing,out of pairing,out of pairing,out of pairing,out of pairing
516236,5,567195,1767225600,32142.3,,,,,,,out of pairing,out of pairing,out of pairing,out of pairing,out of pairing,out of pairing
516236,5,527449,1767225600,713.06,,,,,,,out of pairing,out of pairing,out of pairing,out of pairing,out of pairing,out of pairing
516236,5,459381,1767225600,1904.74,,,,,,,out of pairing,out of pairing,out of pairing,out of pairing,out of pairing,out of pairing
516236,5,595298,1767225600,1406.81,,,,,,,out of pairing,out of pairing,out of pairing,out of pairing,out of pairing,out of pairing
516236,5,466907,1767225600,1929.22,,,,,,,out of pairing,out of pairing,out of pairing,out of pairing,out of pairing,out of pairing
516236,5,589943,1767225600,6938.77,,,,,,,out of pairing,out of pairing,out of pairing,out of pairing,out of pairing,out of pairing
516236,5,537281,1767225600,5302.1,,,,,,,out of pairing,out of pairing,out of pairing,out of pairing,out of pairing,out of pairing
516236,5,523927,1767225600,2618.5,,,,,,,out of pairing,out of pairing,out of pairing,out of pairing,out of pairing,out of pairing
516236,5,580426,1767225600,8956.1,,,,,,,out of pairing,out of pairing,out of pairing,out of pairing,out of pairing,out of pairing
516236,5,595581,1767225600,11185.4,,,,,,,out of pairing,out of pairing,out of pairing,out of pairing,out of pairing,out of pairing
516236,5,616315,1767225600,4836.31,,,,,,,out of pairing,out of pairing,out of pairing,out of pairing,out of pairing,out of pairing
516236,5,503701,1767225600,2574.66,,,,,,,out of pairing,out of pairing,out of pairing,out of pairing,out of pairing,out of pairing
516236,5,571970,1767225600,280.38,,,,,,,out of pairing,out of pairing,out of pairing,out of pairing,out of pairing,out of pairing
516236,5,632961,1767225600,353.31,,,,,,,out of pairing,out of pairing,out of pairing,out of pairing,out of pairing,out of pairing
516236,5,473173,1767225600,2489.02,,,,,,,out of pairing,out of pairing,out of pairing,out of pairing,out of pairing,out of pairing
516236,5,620120,1767225600,146800.0,,,,,,,out of pairing,out of pairing,out of pairing,out of pairing,out of pairing,out of pairing
516236,5,575030,1767225600,41464.4,,,,,,,out of pairing,out of pairing,out of pairing,out of pairing,out of pairing,out of pairing
516236,5,621924,1767225600,47400.0,,,,,,,out of pairing,out of pairing,out of pairing,out of pairing,out of pairing,out of pairing
492701,5,503218,1767225600,1399.05,,,,,,,out of pairing,out of pairing,out of pairing,out of pairing,out of pairing,out of pairing
492701,5,630626,1767225600,9335.04,,,,,,,out of pairing,out of pairing,out of pairing,out of pairing,out of pairing,out of pairing
492701,5,536346,1767225600,6111.55,,,,,,,out of pairing,out of pairing,out of pairing,out of pairing,out of pairing,out of pairing
492701,5,520660,1767225600,4744.49,,,,,,,out of pairing,out of pairing,out of pairing,out of pairing,out of pairing,out of pairing
552988,5,492701,1767225600,39167.1,,,,,,,out of pairing,out of pairing,out of pairing,out of pairing,out of pairing,out of pairing
492701,5,527449,1767225600,170.12,,,,,,,out of pairing,out of pairing,out of pairing,out of pairing,out of pairing,out of pairing
492701,5,459381,1767225600,1819.6,,,,,,,out of pairing,out of pairing,out of pairing,out of pairing,out of pairing,out of pairing
492701,5,595298,1767225600,8665.54,,,,,,,out of pairing,out of pairing,out of pairing,out of pairing,out of pairing,out of pairing
492701,5,466907,1767225600,1433.99,,,,,,,out of pairing,out of pairing,out of pairing,out of pairing,out of pairing,out of pairing
492701,5,589943,1767225600,4463.25,,,,,,,out of pairing,out of pairing,out of pairing,out of pairing,out of pairing,out of pairing
492701,5,523927,1767225600,2261.47,,,,,,,out of pairing,out of pairing,out of pairing,out of pairing,out of pairing,out of pairing
492701,5,595581,1767225600,3006.51,,,,,,,out of pairing,out of pairing,out of pairing,out of pairing,out of pairing,out of pairing
492701,5,616315,1767225600,3052.63,,,,,,,out of pairing,out of pairing,out of pairing,out of pairing,out of pairing,out of pairing
492701,5,642329,1767225600,2193.96,,,,,,,out of pairing,out of pairing,out of pairing,out of pairing,out of pairing,out of pairing
492701,5,571970,1767225600,251.9,,,,,,,out of pairing,out of pairing,out of pairing,out of pairing,out of pairing,out of pairing
492701,5,644226,1767225600,2367.25,,,,,,,out of pairing,out of pairing,out of pairing,out of pairing,out of pairing,out of pairing
492701,5,632961,1767225600,532.37,,,,,,,out of pairing,out of pairing,out of pairing,out of pairing,out of pairing,out of pairing
492701,5,473173,1767225600,612.6,,,,,,,out of pairing,out of pairing,out of pairing,out of pairing,out of pairing,out of pairing
492701,5,620120,1767225600,4436.3,,,,,,,out of pairing,out of pairing,out of pairing,out of pairing,out of pairing,out of pairing
492701,5,575030,1767225600,16279.8,,,,,,,out of pairing,out of pairing,out of pairing,out of pairing,out of pairing,out of pairing
584736,5,630626,1767225600,19167.7,,,,,,,out of pairing,out of pairing,out of pairing,out of pairing,out of pairing,out of pairing
552988,5,584736,1767225600,134196.0,,,,,,,out of pairing,out of pairing,out of pairing,out of pairing,out of pairing,out of pairing
584736,5,567195,1767225600,26846.9,,,,,,,out of pairing,out of pairing,out of pairing,out of pairing,out of pairing,out of pairing
584736,5,527449,1767225600,494.71,,,,,,,out of pairing,out of pairing,out of pairing,out of pairing,out of pairing,out of pairing
584736,5,459381,1767225600,2778.19,,,,,,,out of pairing,out of pairing,out of pairing,out of pairing,out of pairing,out of pairing
584736,5,595298,1767225600,7045.08,,,,,,,out of pairing,out of pairing,out of pairing,out of pairing,out of pairing,out of pairing
584736,5,466907,1767225600,534.07,,,,,,,out of pairing,out of pairing,out of pairing,out of pairing,out of pairing,out of pairing
584736,5,589943,1767225600,12526.9,,,,,,,out of pairing,out of pairing,out of pairing,out of pairing,out of pairing,out of pairing
584736,5,523927,1767225600,6214.69,,,,,,,out of pairing,out of pairing,out of pairing,out of pairing,out of pairing,out of pairing
584736,5,580426,1767225600,1500.31,,,,,,,out of pairing,out of pairing,out of pairing,out of pairing,out of pairing,out of pairing
584736,5,595581,1767225600,15399.5,,,,,,,out of pairing,out of pairing,out of pairing,out of pairing,out of pairing,out of pairing
584736,5,616315,1767225600,535.85,,,,,,,out of pairing,out of pairing,out of pairing,out of pairing,out of pairing,out of pairing
584736,5,642329,1767225600,6650.38,,,,,,,out of pairing,out of pairing,out of pairing,out of pairing,out of pairing,out of pairing
584736,5,503701,1767225600,5190.51,,,,,,,out of pairing,out of pairing,out of pairing,out of pairing,out of pairing,out of pairing
584736,5,571970,1767225600,117.94,,,,,,,out of pairing,out of pairing,out of pairing,out of pairing,out of pairing,out of pairing
584736,5,632961,1767225600,1100.5,,,,,,,out of pairing,out of pairing,out of pairing,out of pairing,out of pairing,out of pairing
584736,5,473173,1767225600,8001.41,,,,,,,out of pairing,out of pairing,out of pairing,out of pairing,out of pairing,out of pairing
584736,5,620120,1767225600,11520.6,,,,,,,out of pairing,out of pairing,out of pairing,out of pairing,out of pairing,out of pairing
584736,5,621924,1767225600,15668.2,,,,,,,out of pairing,out of pairing,out of pairing,out of pairing,out of pairing,out of pairing
520084,5,640784,1767225600,1761.31,,,,,,,out of pairing,out of pairing,out of pairing,out of pairing,out of pairing,out of pairing
520084,5,630626,1767225600,10072.2,,,,,,,out of pairing,out of pairing,out of pairing,out of pairing,out of pairing,out of pairing
520084,5,536346,1767225600,3978.84,,,,,,,out of pairing,out of pairing,out of pairing,out of pairing,out of pairing,out of pairing
510031,5,520084,1767225600,2024.7,,,,,,,out of pairing,out of pairing,out of pairing,out of pairing,out of pairing,out of pairing
520084,5,520660,1767225600,11179.5,,,,,,,out of pairing,out of pairing,out of pairing,out of pairing,out of pairing,out of pairing
552988,5,520084,1767225600,129601.0,,,,,,,out of pairing,out of pairing,out of pairing,out of pairing,out of pairing,out of pairing
520084,5,567195,1767225600,17907.0,,,,,,,out of pairing,out of pairing,out of pairing,out of pairing,out of pairing,out of pairing
520084,5,527449,1767225600,522.39,,,,,,,out of pairing,out of pairing,out of pairing,out of pairing,out of pairing,out of pairing
520084,5,459381,1767225600,994.25,,,,,,,out of pairing,out of pairing,out of pairing,out of pairing,out of pairing,out of pairing
520084,5,595298,1767225600,2315.62,,,,,,,out of pairing,out of pairing,out of pairing,out of pairing,out of pairing,out of pairing
520084,5,466907,1767225600,1531.51,,,,,,,out of pairing,out of pairing,out of pairing,out of pairing,out of pairing,out of pairing
520084,5,589943,1767225600,15080.3,,,,,,,out of pairing,out of pairing,out of pairing,out of pairing,out of pairing,out of pairing
520084,5,577992,1767225600,8845.36,,,,,,,out of pairing,out of pairing,out of pairing,out of pairing,out of pairing,out of pairing
520084,5,537281,1767225600,2262.18,,,,,,,out of pairing,out of pairing,out of pairing,out of pairing,out of pairing,out of pairing
520084,5,523927,1767225600,5343.67,,,,,,,out of pairing,out of pairing,out of pairing,out of pairing,out of pairing,out of pairing
520084,5,580426,1767225600,2588.29,,,,,,,out of pairing,out of pairing,out of pairing,out of pairing,out of pairing,out of pairing
520084,5,595581,1767225600,13260.7,,,,,,,out of pairing,out of pairing,out of pairing,out of pairing,out of pairing,out of pairing
520084,5,642329,1767225600,2230.88,,,,,,,out of pairing,out of pairing,out of pairing,out of pairing,out of pairing,out of pairing
520084,5,503701,1767225600,16249.6,,,,,,,out of pairing,out of pairing,out of pairing,out of pairing,out of pairing,out of pairing
520084,5,644226,1767225600,2347.91,,,,,,,out of pairing,out of pairing,out of pairing,out of pairing,out of pairing,out of pairing
520084,5,632961,1767225600,2580.06,,,,,,,out of pairing,out of pairing,out of pairing,out of pairing,out of pairing,out of pairing
520084,5,473173,1767225600,530.03,,,,,,,out of pairing,out of pairing,out of pairing,out of pairing,out of pairing,out of pairing
520084,5,620120,1767225600,20358.5,,,,,,,out of pairing,out of pairing,out of pairing,out of pairing,out of pairing,out of pairing
520084,5,575030,1767225600,30415.8,,,,,,,out of pairing,out of pairing,out of pairing,out of pairing,out of pairing,out of pairing
529433,5,640784,1767225600,3538.33,,,,,,,out of pairing,out of pairing,out of pairing,out of pairing,out of pairing,out of pairing
529433,5,630626,1767225600,13854.7,,,,,,,out of pairing,out of pairing,out of pairing,out of pairing,out of pairing,out of pairing
529433,5,536346,1767225600,4349.74,,,,,,,out of pairing,out of pairing,out of pairing,out of pairing,out of pairing,out of pairing
510031,5,529433,1767225600,1284.37,,,,,,,out of pairing,out of pairing,out of pairing,out of pairing,out of pairing,out of pairing
529433,5,520660,1767225600,10862.7,,,,,,,out of pairing,out of pairing,out of pairing,out of pairing,out of pairing,out of pairing
552988,5,529433,1767225600,121408.0,,,,,,,out of pairing,out of pairing,out of pairing,out of pairing,out of pairing,out of pairing
529433,5,567195,1767225600,6540.34,,,,,,,out of pairing,out of pairing,out of pairing,out of pairing,out of pairing,out of pairing
529433,5,527449,1767225600,1415.99,,,,,,,out of pairing,out of pairing,out of pairing,out of pairing,out of pairing,out of pairing
529433,5,459381,1767225600,1597.54,,,,,,,out of pairing,out of pairing,out of pairing,out of pairing,out of pairing,out of pairing
529433,5,595298,1767225600,1812.17,,,,,,,out of pairing,out of pairing,out of pairing,out of pairing,out of pairing,out of pairing
529433,5,466907,1767225600,2716.27,,,,,,,out of pairing,out of pairing,out of pairing,out of pairing,out of pairing,out of pairing
529433,5,606730,1767225600,3419.82,,,,,,,out of pairing,out of pairing,out of pairing,out of pairing,out of pairing,out of pairing
529433,5,589943,1767225600,3143.13,,,,,,,out of pairing,out of pairing,out of pairing,out of pairing,out of pairing,out of pairing
529433,5,577992,1767225600,8060.6,,,,,,,out of pairing,out of pairing,out of pairing,out of pairing,out of pairing,out of pairing
529433,5,537281,1767225600,460.34,,,,,,,out of pairing,out of pairing,out of pairing,out of pairing,out of pairing,out of pairing
529433,5,523927,1767225600,5167.03,,,,,,,out of pairing,out of pairing,out of pairing,out of pairing,out of pairing,out of pairing
529433,5,580426,1767225600,2514.63,,,,,,,out of pairing,out of pairing,out of pairing,out of pairing,out of pairing,out of pairing
529433,5,616315,1767225600,4385.38,,,,,,,out of pairing,out of pairing,out of pairing,out of pairing,out of pairing,out of pairing
529433,5,642329,1767225600,684.27,,,,,,,out of pairing,out of pairing,out of pairing,out of pairing,out of pairing,out of pairing
529433,5,503701,1767225600,210.5,,,,,,,out of pairing,out of pairing,out of pairing,out of pairing,out of pairing,out of pairing
529433,5,644226,1767225600,2158.6,,,,,,,out of pairing,out of pairing,out of pairing,out of pairing,out of pairing,out of pairing
529433,5,632961,1767225600,1017.67,,,,,,,out of pairing,out of pairing,out of pairing,out of pairing,out of pairing,out of pairing
529433,5,473173,1767225600,6453.51,,,,,,,out of pairing,out of pairing,out of pairing,out of pairing,out of pairing,out of pairing
529433,5,620120,1767225600,13393.6,,,,,,,out of pairing,out of pairing,out of pairing,out of pairing,out of pairing,out of pairing
529433,5,575030,1767225600,15821.9,,,,,,,out of pairing,out of pairing,out of pairing,out of pairing,out of pairing,out of pairing
529433,5,621924,1767225600,6900.2,,,,,,,out of pairing,out of pairing,out of pairing,out of pairing,out of pairing,out of pairing
493094,5,630626,1767225600,10157.6,,,,,,,out of pairing,out of pairing,out of pairing,out of pairing,out of pairing,out of pairing
552988,5,493094,1767225600,79413.8,,,,,,,out of pairing,out of pairing,out of pairing,out of pairing,out of pairing,out of pairing
493094,5,567195,1767225600,6315.32,,,,,,,out of pairing,out of pairing,out of pairing,out of pairing,out of pairing,out of pairing
493094,5,527449,1767225600,1159.64,,,,,,,out of pairing,out of pairing,out of pairing,out of pairing,out of pairing,out of pairing
493094,5,459381,1767225600,1793.02,,,,,,,out of pairing,out of pairing,out of pairing,out of pairing,out of pairing,out of pairing
493094,5,595298,1767225600,2799.86,,,,,,,out of pairing,out of pairing,out of pairing,out of pairing,out of pairing,out of pairing
493094,5,466907,1767225600,1723.73,,,,,,,out of pairing,out of pairing,out of pairing,out of pairing,out of pairing,out of pairing
493094,5,589943,1767225600,4391.21,,,,,,,out of pairing,out of pairing,out of pairing,out of pairing,out of pairing,out of pairing
493094,5,577992,1767225600,78.87,,,,,,,out of pairing,out of pairing,out of pairing,out of pairing,out of pairing,out of pairing
493094,5,523927,1767225600,10214.8,,,,,,,out of pairing,out of pairing,out of pairing,out of pairing,out of pairing,out of pairing
493094,5,580426,1767225600,1173.68,,,,,,,out of pairing,out of pairing,out of pairing,out of pairing,out of pairing,out of pairing
493094,5,616315,1767225600,1631.93,,,,,,,out of pairing,out of pairing,out of pairing,out of pairing,out of pairing,out of pairing
493094,5,642329,1767225600,4803.92,,,,,,,out of pairing,out of pairing,out of pairing,out of pairing,out of pairing,out of pairing
493094,5,503701,1767225600,3163.52,,,,,,,out of pairing,out of pairing,out of pairing,out of pairing,out of pairing,out of pairing
493094,5,571970,1767225600,616.21,,,,,,,out of pairing,out of pairing,out of pairing,out of pairing,out of pairing,out of pairing
493094,5,473173,1767225600,3725.96,,,,,,,out of pairing,out of pairing,out of pairing,out of pairing,out of pairing,out of pairing
493094,5,620120,1767225600,3582.65,,,,,,,out of pairing,out of pairing,out of pairing,out of pairing,out of pairing,out of pairing
493094,5,621924,1767225600,2441.93,,,,,,,out of pairing,out of pairing,out of pairing,out of pairing,out of pairing,out of pairing
510031,5,604113,1767225600,115.29,,,,,,,out of pairing,out of pairing,out of pairing,out of pairing,out of pairing,out of pairing
552988,5,604113,1767225600,2933.47,,,,,,,out of pairing,out of pairing,out of pairing,out of pairing,out of pairing,out of pairing
604113,5,567195,1767225600,102.25,,,,,,,out of pairing,out of pairing,out of pairing,out of pairing,out of pairing,out of pairing
604113,5,527449,1767225600,153.88,,,,,,,out of pairing,out of pairing,out of pairing,out of pairing,out of pairing,out of pairing
604113,5,459381,1767225600,698.03,,,,,,,out of pairing,out of pairing,out of pairing,out of pairing,out of pairing,out of pairing
604113,5,595298,1767225600,926.2,,,,,,,out of pairing,out of pairing,out of pairing,out of pairing,out of pairing,out of pairing
604113,5,466907,1767225600,233.46,,,,,,,out of pairing,out of pairing,out of pairing,out of pairing,out of pairing,out of pairing
604113,5,537281,1767225600,539.3,,,,,,,out of pairing,out of pairing,out of pairing,out of pairing,out of pairing,out of pairing
604113,5,523927,1767225600,323.11,,,,,,,out of pairing,out of pairing,out of pairing,out of pairing,out of pairing,out of pairing
604113,5,580426,1767225600,53.94,,,,,,,out of pairing,out of pairing,out of pairing,out of pairing,out of pairing,out of pairing
604113,5,616315,1767225600,437.88,,,,,,,out of pairing,out of pairing,out of pairing,out of pairing,out of pairing,out of pairing
604113,5,642329,1767225600,402.74,,,,,,,out of pairing,out of pairing,out of pairing,out of pairing,out of pairing,out of pairing
604113,5,503701,1767225600,449.99,,,,,,,out of pairing,out of pairing,out of pairing,out of pairing,out of pairing,out of pairing
604113,5,632961,1767225600,1.53,,,,,,,out of pairing,out of pairing,out of pairing,out of pairing,out of pairing,out of pairing
604113,5,473173,1767225600,435.11,,,,,,,out of pairing,out of pairing,out of pairing,out of pairing,out of pairing,out of pairing
620120,5,604113,1767225600,154.55,,,,,,,out of pairing,out of pairing,out of pairing,out of pairing,out of pairing,out of pairing
604113,5,621924,1767225600,796.54,,,,,,,out of pairing,out of pairing,out of pairing,out of pairing,out of pairing,out of pairing
510031,5,493652,1767225600,735.72,,,,,,,out of pairing,out of pairing,out of pairing,out of pairing,out of pairing,out of pairing
552988,5,493652,1767225600,15445.8,,,,,,,out of pairing,out of pairing,out of pairing,out of pairing,out of pairing,out of pairing
493652,5,567195,1767225600,2055.58,,,,,,,out of pairing,out of pairing,out of pairing,out of pairing,out of pairing,out of pairing
493652,5,527449,1767225600,142.76,,,,,,,out of pairing,out of pairing,out of pairing,out of pairing,out of pairing,out of pairing
493652,5,459381,1767225600,156.76,,,,,,,out of pairing,out of pairing,out of pairing,out of pairing,out of pairing,out of pairing
493652,5,595298,1767225600,1299.03,,,,,,,out of pairing,out of pairing,out of pairing,out of pairing,out of pairing,out of pairing
493652,5,466907,1767225600,336.29,,,,,,,out of pairing,out of pairing,out of pairing,out of pairing,out of pairing,out of pairing
493652,5,577992,1767225600,120.27,,,,,,,out of pairing,out of pairing,out of pairing,out of pairing,out of pairing,out of pairing
493652,5,537281,1767225600,304.65,,,,,,,out of pairing,out of pairing,out of pairing,out of pairing,out of pairing,out of pairing
493652,5,523927,1767225600,1011.58,,,,,,,out of pairing,out of pairing,out of pairing,out of pairing,out of pairing,out of pairing
493652,5,595581,1767225600,214.43,,,,,,,out of pairing,out of pairing,out of pairing,out of pairing,out of pairing,out of pairing
493652,5,616315,1767225600,284.93,,,,,,,out of pairing,out of pairing,out of pairing,out of pairing,out of pairing,out of pairing
493652,5,642329,1767225600,490.95,,,,,,,out of pairing,out of pairing,out of pairing,out of pairing,out of pairing,out of pairing
493652,5,503701,1767225600,1132.0,,,,,,,out of pairing,out of pairing,out of pairing,out of pairing,out of pairing,out of pairing
493652,5,571970,1767225600,38.67,,,,,,,out of pairing,out of pairing,out of pairing,out of pairing,out of pairing,out of pairing
493652,5,632961,1767225600,78.12,,,,,,,out of pairing,out of pairing,out of pairing,out of pairing,out of pairing,out of pairing
493652,5,473173,1767225600,1651.44,,,,,,,out of pairing,out of pairing,out of pairing,out of pairing,out of pairing,out of pairing
493652,5,620120,1767225600,1018.22,,,,,,,out of pairing,out of pairing,out of pairing,out of pairing,out of pairing,out of pairing
493652,5,575030,1767225600,8492.89,,,,,,,out of pairing,out of pairing,out of pairing,out of pairing,out of pairing,out of pairing
493652,5,621924,1767225600,85.67,,,,,,,out of pairing,out of pairing,out of pairing,out of pairing,out of pairing,out of pairing
510031,5,544074,1767225600,173.45,,,,,,,out of pairing,out of pairing,out of pairing,out of pairing,out of pairing,out of pairing
552988,5,544074,1767225600,5639.96,,,,,,,out of pairing,out of pairing,out of pairing,out of pairing,out of pairing,out of pairing
544074,5,567195,1767225600,1003.13,,,,,,,out of pairing,out of pairing,out of pairing,out of pairing,out of pairing,out of pairing
544074,5,527449,1767225600,139.33,,,,,,,out of pairing,out of pairing,out of pairing,out of pairing,out of pairing,out of pairing
544074,5,459381,1767225600,259.1,,,,,,,out of pairing,out of pairing,out of pairing,out of pairing,out of pairing,out of pairing
544074,5,595298,1767225600,370.86,,,,,,,out of pairing,out of pairing,out of pairing,out of pairing,out of pairing,out of pairing
544074,5,466907,1767225600,132.61,,,,,,,out of pairing,out of pairing,out of pairing,out of pairing,out of pairing,out of pairing
544074,5,589943,1767225600,233.7,,,,,,,out of pairing,out of pairing,out of pairing,out of pairing,out of pairing,out of pairing
544074,5,577992,1767225600,73.43,,,,,,,out of pairing,out of pairing,out of pairing,out of pairing,out of pairing,out of pairing
544074,5,537281,1767225600,114.21,,,,,,,out of pairing,out of pairing,out of pairing,out of pairing,out of pairing,out of pairing
544074,5,523927,1767225600,382.88,,,,,,,out of pairing,out of pairing,out of pairing,out of pairing,out of pairing,out of pairing
544074,5,580426,1767225600,18.12,,,,,,,out of pairing,out of pairing,out of pairing,out of pairing,out of pairing,out of pairing
544074,5,595581,1767225600,376.4,,,,,,,out of pairing,out of pairing,out of pairing,out of pairing,out of pairing,out of pairing
544074,5,616315,1767225600,447.16,,,,,,,out of pairing,out of pairing,out of pairing,out of pairing,out of pairing,out of pairing
544074,5,503701,1767225600,567.43,,,,,,,out of pairing,out of pairing,out of pairing,out of pairing,out of pairing,out of pairing
544074,5,632961,1767225600,4.52,,,,,,,out of pairing,out of pairing,out of pairing,out of pairing,out of pairing,out of pairing
544074,5,473173,1767225600,592.22,,,,,,,out of pairing,out of pairing,out of pairing,out of pairing,out of pairing,out of pairing
544074,5,620120,1767225600,243.68,,,,,,,out of pairing,out of pairing,out of pairing,out of pairing,out of pairing,out of pairing
544074,5,575030,1767225600,2345.31,,,,,,,out of pairing,out of pairing,out of pairing,out of pairing,out of pairing,out of pairing
541619,5,630626,1767225600,1088.77,,,,,,,out of pairing,out of pairing,out of pairing,out of pairing,out of pairing,out of pairing
541619,5,536346,1767225600,444.32,,,,,,,out of pairing,out of pairing,out of pairing,out of pairing,out of pairing,out of pairing
541619,5,520660,1767225600,713.5,,,,,,,out of pairing,out of pairing,out of pairing,out of pairing,out of pairing,out of pairing
552988,5,541619,1767225600,4553.79,,,,,,,out of pairing,out of pairing,out of pairing,out of pairing,out of pairing,out of pairing
541619,5,567195,1767225600,26.11,,,,,,,out of pairing,out of pairing,out of pairing,out of pairing,out of pairing,out of pairing
541619,5,527449,1767225600,75.27,,,,,,,out of pairing,out of pairing,out of pairing,out of pairing,out of pairing,out of pairing
541619,5,459381,1767225600,218.46,,,,,,,out of pairing,out of pairing,out of pairing,out of pairing,out of pairing,out of pairing
541619,5,595298,1767225600,208.62,,,,,,,out of pairing,out of pairing,out of pairing,out of pairing,out of pairing,out of pairing
541619,5,466907,1767225600,231.44,,,,,,,out of pairing,out of pairing,out of pairing,out of pairing,out of pairing,out of pairing
541619,5,589943,1767225600,577.37,,,,,,,out of pairing,out of pairing,out of pairing,out of pairing,out of pairing,out of pairing
541619,5,577992,1767225600,16.34,,,,,,,out of pairing,out of pairing,out of pairing,out of pairing,out of pairing,out of pairing
541619,5,537281,1767225600,92.3,,,,,,,out of pairing,out of pairing,out of pairing,out of pairing,out of pairing,out of pairing
541619,5,523927,1767225600,263.52,,,,,,,out of pairing,out of pairing,out of pairing,out of pairing,out of pairing,out of pairing
541619,5,580426,1767225600,125.82,,,,,,,out of pairing,out of pairing,out of pairing,out of pairing,out of pairing,out of pairing
541619,5,595581,1767225600,588.78,,,,,,,out of pairing,out of pairing,out of pairing,out of pairing,out of pairing,out of pairing
541619,5,616315,1767225600,669.26,,,,,,,out of pairing,out of pairing,out of pairing,out of pairing,out of pairing,out of pairing
541619,5,642329,1767225600,21.65,,,,,,,out of pairing,out of pairing,out of pairing,out of pairing,out of pairing,out of pairing
541619,5,503701,1767225600,574.32,,,,,,,out of pairing,out of pairing,out of pairing,out of pairing,out of pairing,out of pairing
541619,5,571970,1767225600,4.93,,,,,,,out of pairing,out of pairing,out of pairing,out of pairing,out of pairing,out of pairing
541619,5,644226,1767225600,146.4,,,,,,,out of pairing,out of pairing,out of pairing,out of pairing,out of pairing,out of pairing
541619,5,632961,1767225600,85.13,,,,,,,out of pairing,out of pairing,out of pairing,out of pairing,out of pairing,out of pairing
541619,5,473173,1767225600,1085.42,,,,,,,out of pairing,out of pairing,out of pairing,out of pairing,out of pairing,out of pairing
541619,5,620120,1767225600,72.99,,,,,,,out of pairing,out of pairing,out of pairing,out of pairing,out of pairing,out of pairing
541619,5,575030,1767225600,2793.29,,,,,,,out of pairing,out of pairing,out of pairing,out of pairing,out of pairing,out of pairing
541619,5,621924,1767225600,283.97,,,,,,,out of pairing,out of pairing,out of pairing,out of pairing,out of pairing,out of pairing
614761,5,630626,1767225600,4471.64,,,,,,,out of pairing,out of pairing,out of pairing,out of pairing,out of pairing,out of pairing
510031,5,614761,1767225600,2505.35,,,,,,,out of pairing,out of pairing,out of pairing,out of pairing,out of pairing,out of pairing
552988,5,614761,1767225600,24662.9,,,,,,,out of pairing,out of pairing,out of pairing,out of pairing,out of pairing,out of pairing
614761,5,527449,1767225600,11.82,,,,,,,out of pairing,out of pairing,out of pairing,out of pairing,out of pairing,out of pairing
614761,5,459381,1767225600,663.33,,,,,,,out of pairing,out of pairing,out of pairing,out of pairing,out of pairing,out of pairing
614761,5,595298,1767225600,1026.74,,,,,,,out of pairing,out of pairing,out of pairing,out of pairing,out of pairing,out of pairing
614761,5,466907,1767225600,584.32,,,,,,,out of pairing,out of pairing,out of pairing,out of pairing,out of pairing,out of pairing
614761,5,577992,1767225600,847.85,,,,,,,out of pairing,out of pairing,out of pairing,out of pairing,out of pairing,out of pairing
614761,5,537281,1767225600,425.54,,,,,,,out of pairing,out of pairing,out of pairing,out of pairing,out of pairing,out of pairing
614761,5,523927,1767225600,3508.3,,,,,,,out of pairing,out of pairing,out of pairing,out of pairing,out of pairing,out of pairing
614761,5,580426,1767225600,17.14,,,,,,,out of pairing,out of pairing,out of pairing,out of pairing,out of pairing,out of pairing
614761,5,616315,1767225600,460.73,,,,,,,out of pairing,out of pairing,out of pairing,out of pairing,out of pairing,out of pairing
614761,5,642329,1767225600,532.11,,,,,,,out of pairing,out of pairing,out of pairing,out of pairing,out of pairing,out of pairing
614761,5,503701,1767225600,1698.46,,,,,,,out of pairing,out of pairing,out of pairing,out of pairing,out of pairing,out of pairing
614761,5,632961,1767225600,489.33,,,,,,,out of pairing,out of pairing,out of pairing,out of pairing,out of pairing,out of pairing
614761,5,473173,1767225600,2501.87,,,,,,,out of pairing,out of pairing,out of pairing,out of pairing,out of pairing,out of pairing
614761,5,620120,1767225600,2556.09,,,,,,,out of pairing,out of pairing,out of pairing,out of pairing,out of pairing,out of pairing
614761,5,575030,1767225600,5740.1,,,,,,,out of pairing,out of pairing,out of pairing,out of pairing,out of pairing,out of pairing
500813,5,640784,1767225600,185.98,,,,,,,out of pairing,out of pairing,out of pairing,out of pairing,out of pairing,out of pairing
500813,5,630626,1767225600,3233.06,,,,,,,out of pairing,out of pairing,out of pairing,out of pairing,out of pairing,out of pairing
500813,5,536346,1767225600,1861.41,,,,,,,out of pairing,out of pairing,out of pairing,out of pairing,out of pairing,out of pairing
500813,5,520660,1767225600,1208.09,,,,,,,out of pairing,out of pairing,out of pairing,out of pairing,out of pairing,out of pairing
552988,5,500813,1767225600,26707.8,,,,,,,out of pairing,out of pairing,out of pairing,out of pairing,out of pairing,out of pairing
500813,5,567195,1767225600,3517.64,,,,,,,out of pairing,out of pairing,out of pairing,out of pairing,out of pairing,out of pairing
500813,5,527449,1767225600,162.65,,,,,,,out of pairing,out of pairing,out of pairing,out of pairing,out of pairing,out of pairing
500813,5,459381,1767225600,340.32,,,,,,,out of pairing,out of pairing,out of pairing,out of pairing,out of pairing,out of pairing
500813,5,595298,1767225600,703.66,,,,,,,out of pairing,out of pairing,out of pairing,out of pairing,out of pairing,out of pairing
500813,5,466907,1767225600,243.26,,,,,,,out of pairing,out of pairing,out of pairing,out of pairing,out of pairing,out of pairing
500813,5,577992,1767225600,2066.72,,,,,,,out of pairing,out of pairing,out of pairing,out of pairing,out of pairing,out of pairing
500813,5,537281,1767225600,635.44,,,,,,,out of pairing,out of pairing,out of pairing,out of pairing,out of pairing,out of pairing
500813,5,523927,1767225600,2511.22,,,,,,,out of pairing,out of pairing,out of pairing,out of pairing,out of pairing,out of pairing
500813,5,580426,1767225600,249.16,,,,,,,out of pairing,out of pairing,out of pairing,out of pairing,out of pairing,out of pairing
500813,5,616315,1767225600,708.12,,,,,,,out of pairing,out of pairing,out of pairing,out of pairing,out of pairing,out of pairing
500813,5,642329,1767225600,1122.43,,,,,,,out of pairing,out of pairing,out of pairing,out of pairing,out of pairing,out of pairing
500813,5,503701,1767225600,1552.37,,,,,,,out of pairing,out of pairing,out of pairing,out of pairing,out of pairing,out of pairing
500813,5,571970,1767225600,161.16,,,,,,,out of pairing,out of pairing,out of pairing,out of pairing,out of pairing,out of pairing
500813,5,644226,1767225600,1241.29,,,,,,,out of pairing,out of pairing,out of pairing,out of pairing,out of pairing,out of pairing
500813,5,632961,1767225600,285.6,,,,,,,out of pairing,out of pairing,out of pairing,out of pairing,out of pairing,out of pairing
500813,5,473173,1767225600,1413.05,,,,,,,out of pairing,out of pairing,out of pairing,out of pairing,out of pairing,out of pairing
500813,5,620120,1767225600,2892.02,,,,,,,out of pairing,out of pairing,out of pairing,out of pairing,out of pairing,out of pairing
500813,5,575030,1767225600,7926.69,,,,,,,out of pairing,out of pairing,out of pairing,out of pairing,out of pairing,out of pairing
500813,5,621924,1767225600,930.98,,,,,,,out of pairing,out of pairing,out of pairing,out of pairing,out of pairing,out of pairing
